name,width,height,brightness
COCO_val2014_000000252219.jpg,640,428,100.15534827686916
COCO_val2014_000000412151.jpg,500,334,88.50350299401198
COCO_val2014_000000556616.jpg,640,427,84.50769174473068
COCO_val2014_000000097434.jpg,640,266,110.54546522556392
COCO_val2014_000000459912.jpg,640,427,92.48971018735362
COCO_val2014_000000015827.jpg,427,640,75.47815427400468
COCO_val2014_000000394240.jpg,640,427,133.51084235948477
COCO_val2014_000000175831.jpg,508,640,115.42214566929134
COCO_val2014_000000369763.jpg,640,289,99.75914792387543
COCO_val2014_000000213687.jpg,640,479,137.3654782098121
COCO_val2014_000000108094.jpg,471,640,125.68338309447984
COCO_val2014_000000513681.jpg,640,469,150.6481309968017
COCO_val2014_000000303818.jpg,480,640,124.17566731770833
COCO_val2014_000000368117.jpg,640,425,96.14318382352941
COCO_val2014_000000219514.jpg,500,400,191.617005
COCO_val2014_000000332654.jpg,428,640,125.92868355724299
COCO_val2014_000000459374.jpg,640,480,33.7773828125
COCO_val2014_000000308599.jpg,375,500,77.043408
COCO_val2014_000000327807.jpg,640,480,126.575830078125
COCO_val2014_000000518586.jpg,640,492,163.09763084349592
COCO_val2014_000000129699.jpg,640,480,123.70926106770834
COCO_val2014_000000183666.jpg,640,400,122.2628046875
COCO_val2014_000000249720.jpg,500,333,142.76914114114115
COCO_val2014_000000554348.jpg,640,400,113.58157421875
COCO_val2014_000000329486.jpg,640,400,108.8620078125
COCO_val2014_000000565778.jpg,640,400,86.40882421875
COCO_val2014_000000231163.jpg,640,400,103.5835703125
COCO_val2014_000000297343.jpg,640,432,163.00670211226853
COCO_val2014_000000122745.jpg,480,640,9.896061197916667
COCO_val2014_000000578292.jpg,480,640,107.84794921875
COCO_val2014_000000075748.jpg,640,400,133.27558203125
COCO_val2014_000000235006.jpg,640,443,95.60639108352144
COCO_val2014_000000182784.jpg,640,480,120.72994140625
COCO_val2014_000000227227.jpg,500,334,93.16697604790419
COCO_val2014_000000314154.jpg,640,427,121.3831418325527
COCO_val2014_000000248468.jpg,511,640,180.662188111546
COCO_val2014_000000098590.jpg,640,478,133.24588127615064
COCO_val2014_000000419856.jpg,640,480,95.67649739583334
COCO_val2014_000000406404.jpg,640,428,155.79903621495328
COCO_val2014_000000352194.jpg,640,480,106.10270833333334
COCO_val2014_000000514083.jpg,640,480,84.28479166666666
COCO_val2014_000000045864.jpg,640,427,104.81121926229508
COCO_val2014_000000570579.jpg,640,427,121.6866656908665
COCO_val2014_000000504304.jpg,640,427,163.30043179156908
COCO_val2014_000000054796.jpg,640,427,132.49765442037472
COCO_val2014_000000421010.jpg,640,427,105.15899077868852
COCO_val2014_000000301135.jpg,428,640,88.83085207359814
COCO_val2014_000000465692.jpg,640,427,78.8954881440281
COCO_val2014_000000356387.jpg,500,335,94.62949253731344
COCO_val2014_000000245383.jpg,640,389,132.1871907133676
COCO_val2014_000000540806.jpg,640,360,137.95647569444444
COCO_val2014_000000102497.jpg,640,457,87.38194748358862
COCO_val2014_000000320249.jpg,640,458,43.028336517467245
COCO_val2014_000000436174.jpg,640,408,96.02306219362745
COCO_val2014_000000442549.jpg,640,438,112.13930864726028
COCO_val2014_000000078696.jpg,640,480,116.38112630208333
COCO_val2014_000000097249.jpg,640,435,70.59997126436781
COCO_val2014_000000155671.jpg,480,640,134.86430013020833
COCO_val2014_000000533107.jpg,640,586,137.99801887798634
COCO_val2014_000000095371.jpg,640,436,97.61955275229357
COCO_val2014_000000523195.jpg,640,480,118.65126627604167
COCO_val2014_000000189773.jpg,640,566,126.14328069787986
COCO_val2014_000000485887.jpg,640,427,148.42718091334893
COCO_val2014_000000382848.jpg,640,427,98.39403176229509
COCO_val2014_000000423256.jpg,640,480,146.76868815104166
COCO_val2014_000000087875.jpg,640,487,127.76205723819302
COCO_val2014_000000317441.jpg,640,480,97.109365234375
COCO_val2014_000000578703.jpg,640,480,131.8462109375
COCO_val2014_000000326995.jpg,640,480,138.17392252604168
COCO_val2014_000000475238.jpg,640,427,167.22515368852459
COCO_val2014_000000210607.jpg,640,339,124.34918418141594
COCO_val2014_000000550452.jpg,640,359,137.88370908774374
COCO_val2014_000000391560.jpg,640,457,109.02671293763676
COCO_val2014_000000168434.jpg,640,360,103.26413628472223
COCO_val2014_000000030675.jpg,640,360,109.46962673611111
COCO_val2014_000000566524.jpg,640,480,114.90172526041667
COCO_val2014_000000145039.jpg,428,640,96.77113025700935
COCO_val2014_000000103791.jpg,500,362,95.64188950276242
COCO_val2014_000000367893.jpg,640,457,64.160954595186
COCO_val2014_000000451972.jpg,640,458,50.155523335152836
COCO_val2014_000000107226.jpg,480,640,110.14070638020833
COCO_val2014_000000121506.jpg,612,612,58.69765368020847
COCO_val2014_000000288042.jpg,640,480,97.1594140625
COCO_val2014_000000043625.jpg,640,427,110.83823916861827
COCO_val2014_000000427986.jpg,538,640,101.8041966775093
COCO_val2014_000000259665.jpg,640,426,121.78537265258215
COCO_val2014_000000231508.jpg,335,500,90.63822686567164
COCO_val2014_000000492914.jpg,640,426,105.47678257042253
COCO_val2014_000000173464.jpg,640,427,89.9010319086651
COCO_val2014_000000503569.jpg,500,352,108.17
COCO_val2014_000000547583.jpg,425,640,91.55507720588236
COCO_val2014_000000490582.jpg,640,480,129.23660807291665
COCO_val2014_000000260409.jpg,640,478,98.17458485878662
COCO_val2014_000000092115.jpg,425,640,74.39278308823529
COCO_val2014_000000471562.jpg,640,425,143.4204375
COCO_val2014_000000134863.jpg,612,612,121.73919486095092
COCO_val2014_000000189885.jpg,640,453,97.35074848233995
COCO_val2014_000000435312.jpg,512,640,102.29502868652344
COCO_val2014_000000392722.jpg,640,423,123.98758126477541
COCO_val2014_000000061938.jpg,427,640,121.54077137002342
COCO_val2014_000000539784.jpg,640,427,123.57158591920374
COCO_val2014_000000078488.jpg,481,640,142.52587383056132
COCO_val2014_000000367610.jpg,640,424,127.5203125
COCO_val2014_000000276076.jpg,640,424,120.75610627948113
COCO_val2014_000000338560.jpg,480,640,115.29847981770833
COCO_val2014_000000110330.jpg,640,427,128.4734594555035
COCO_val2014_000000185943.jpg,640,410,157.56772484756098
COCO_val2014_000000333321.jpg,425,640,142.81161397058824
COCO_val2014_000000286493.jpg,425,640,93.81000735294117
COCO_val2014_000000546804.jpg,640,425,122.80527573529412
COCO_val2014_000000284885.jpg,640,425,126.65148897058823
COCO_val2014_000000232954.jpg,427,640,139.44183621194378
COCO_val2014_000000471737.jpg,640,427,123.56315134660422
COCO_val2014_000000432179.jpg,640,427,116.30701478337237
COCO_val2014_000000343031.jpg,640,427,111.62974604800937
COCO_val2014_000000409241.jpg,640,427,127.89185450819672
COCO_val2014_000000002894.jpg,427,640,117.55185524004683
COCO_val2014_000000297267.jpg,640,427,111.51329405737705
COCO_val2014_000000578175.jpg,640,425,107.49583823529412
COCO_val2014_000000575428.jpg,640,427,109.0994218384075
COCO_val2014_000000046912.jpg,427,640,89.70785641100703
COCO_val2014_000000245793.jpg,640,427,124.60485216627634
COCO_val2014_000000047718.jpg,640,427,122.49941086065574
COCO_val2014_000000300303.jpg,640,427,145.3862851288056
COCO_val2014_000000423804.jpg,640,427,128.35399590163934
COCO_val2014_000000073119.jpg,640,427,120.62130781615924
COCO_val2014_000000170194.jpg,640,427,119.05217359484777
COCO_val2014_000000027226.jpg,640,427,116.08784762880562
COCO_val2014_000000288799.jpg,640,406,153.4025939039409
COCO_val2014_000000195598.jpg,640,425,110.4094411764706
COCO_val2014_000000270810.jpg,432,640,145.74518590856482
COCO_val2014_000000338986.jpg,403,640,85.07963709677419
COCO_val2014_000000053994.jpg,481,640,137.87814124220375
COCO_val2014_000000525587.jpg,640,480,77.046640625
COCO_val2014_000000508985.jpg,640,538,138.85523350371747
COCO_val2014_000000486369.jpg,640,480,90.809609375
COCO_val2014_000000404461.jpg,480,640,104.426650390625
COCO_val2014_000000492366.jpg,640,414,125.70460069444445
COCO_val2014_000000207670.jpg,427,640,199.14660421545668
COCO_val2014_000000372233.jpg,480,640,122.06859700520833
COCO_val2014_000000458781.jpg,425,640,99.53047794117647
COCO_val2014_000000574487.jpg,640,428,163.84755768107476
COCO_val2014_000000504732.jpg,451,640,96.04066657427938
COCO_val2014_000000100624.jpg,640,427,73.49040178571428
COCO_val2014_000000511844.jpg,500,375,106.886064
COCO_val2014_000000225014.jpg,500,375,103.27629333333333
COCO_val2014_000000282658.jpg,426,640,91.2596757629108
COCO_val2014_000000097679.jpg,640,480,139.83487955729166
COCO_val2014_000000434693.jpg,640,427,112.17669057377049
COCO_val2014_000000151231.jpg,640,426,92.24859521713616
COCO_val2014_000000289889.jpg,640,426,111.89044527582159
COCO_val2014_000000028071.jpg,389,500,123.65326992287918
COCO_val2014_000000167510.jpg,640,427,118.65623536299766
COCO_val2014_000000101096.jpg,640,501,89.83470558882236
COCO_val2014_000000465675.jpg,640,403,154.52381746277916
COCO_val2014_000000125160.jpg,640,448,111.65404227120536
COCO_val2014_000000413377.jpg,640,425,193.18143014705882
COCO_val2014_000000333190.jpg,640,427,145.39489168618266
COCO_val2014_000000348730.jpg,640,480,110.5767578125
COCO_val2014_000000479379.jpg,480,640,115.68908854166666
COCO_val2014_000000100990.jpg,640,427,108.67062719555035
COCO_val2014_000000367706.jpg,640,427,135.47230679156908
COCO_val2014_000000063906.jpg,640,442,123.70411481900453
COCO_val2014_000000193547.jpg,567,470,97.27894480093062
COCO_val2014_000000285160.jpg,480,640,138.130673828125
COCO_val2014_000000008498.jpg,480,640,136.95294921875
COCO_val2014_000000420081.jpg,640,480,129.83706380208332
COCO_val2014_000000559312.jpg,640,480,110.28565755208334
COCO_val2014_000000050411.jpg,640,480,105.336181640625
COCO_val2014_000000283216.jpg,640,481,71.30528196465697
COCO_val2014_000000469134.jpg,640,480,120.08099283854166
COCO_val2014_000000465424.jpg,640,480,117.91795572916666
COCO_val2014_000000537611.jpg,640,480,123.73564127604166
COCO_val2014_000000208169.jpg,640,428,136.2808812792056
COCO_val2014_000000350073.jpg,640,480,140.2171484375
COCO_val2014_000000394131.jpg,640,480,144.51419596354165
COCO_val2014_000000499983.jpg,612,612,139.530362253834
COCO_val2014_000000436162.jpg,640,425,98.76632720588235
COCO_val2014_000000190923.jpg,375,500,106.99829866666667
COCO_val2014_000000359843.jpg,640,479,27.10706550104384
COCO_val2014_000000129592.jpg,640,479,42.16861951983299
COCO_val2014_000000412551.jpg,640,425,22.748716911764706
COCO_val2014_000000343059.jpg,640,480,161.07517578125
COCO_val2014_000000238071.jpg,500,333,88.78107507507508
COCO_val2014_000000253835.jpg,640,480,132.60527994791667
COCO_val2014_000000454561.jpg,480,640,95.393310546875
COCO_val2014_000000241141.jpg,375,500,81.95772266666667
COCO_val2014_000000171695.jpg,640,426,119.53930090962442
COCO_val2014_000000511599.jpg,640,480,126.49201171875
COCO_val2014_000000394251.jpg,453,640,117.30600165562915
COCO_val2014_000000040497.jpg,640,480,105.94933268229167
COCO_val2014_000000005105.jpg,640,480,106.99082682291667
COCO_val2014_000000272961.jpg,426,640,106.81893705985915
COCO_val2014_000000437099.jpg,333,500,104.59386786786787
COCO_val2014_000000487612.jpg,640,428,90.07798627336449
COCO_val2014_000000205720.jpg,500,375,118.35507733333333
COCO_val2014_000000410880.jpg,500,375,112.12048533333333
COCO_val2014_000000139291.jpg,500,375,100.69996266666666
COCO_val2014_000000511583.jpg,640,480,47.97413736979167
COCO_val2014_000000210273.jpg,640,428,91.97292275116823
COCO_val2014_000000245013.jpg,428,640,75.91585134345794
COCO_val2014_000000537548.jpg,640,480,108.45287109375
COCO_val2014_000000414379.jpg,442,500,130.7351040723982
COCO_val2014_000000183176.jpg,480,640,111.04865885416666
COCO_val2014_000000451496.jpg,640,426,146.99308612089203
COCO_val2014_000000558587.jpg,640,480,109.4325
COCO_val2014_000000235595.jpg,640,480,65.84931640625
COCO_val2014_000000364757.jpg,640,480,108.08234375
COCO_val2014_000000198486.jpg,640,480,92.18997721354167
COCO_val2014_000000192192.jpg,640,541,37.507205984288355
COCO_val2014_000000267840.jpg,640,427,101.05934206674473
COCO_val2014_000000274655.jpg,640,480,91.13517252604167
COCO_val2014_000000008762.jpg,640,427,40.10315427400469
COCO_val2014_000000076595.jpg,640,480,115.85902669270833
COCO_val2014_000000224000.jpg,640,381,150.72079232283465
COCO_val2014_000000314430.jpg,640,426,128.3146456866197
COCO_val2014_000000240800.jpg,480,640,83.474990234375
COCO_val2014_000000524502.jpg,480,640,62.76863932291667
COCO_val2014_000000552761.jpg,640,480,87.28272135416667
COCO_val2014_000000164420.jpg,640,480,61.791598307291665
COCO_val2014_000000278161.jpg,640,480,101.76603841145834
COCO_val2014_000000390569.jpg,640,480,75.622919921875
COCO_val2014_000000358707.jpg,640,480,114.64640625
COCO_val2014_000000252133.jpg,480,640,110.42795247395833
COCO_val2014_000000148719.jpg,640,480,98.14169596354166
COCO_val2014_000000026201.jpg,640,503,174.30772241550696
COCO_val2014_000000400202.jpg,640,428,93.8278292932243
COCO_val2014_000000199257.jpg,375,500,134.06962133333334
COCO_val2014_000000470882.jpg,640,480,99.32972005208333
COCO_val2014_000000178911.jpg,640,480,141.86779296875
COCO_val2014_000000076513.jpg,640,480,116.65580403645833
COCO_val2014_000000216972.jpg,640,480,82.66251953125
COCO_val2014_000000506416.jpg,640,480,116.72623046875
COCO_val2014_000000025747.jpg,640,480,115.34054036458333
COCO_val2014_000000224554.jpg,640,480,107.614384765625
COCO_val2014_000000290261.jpg,640,480,101.92440755208334
COCO_val2014_000000503196.jpg,640,480,53.667275390625
COCO_val2014_000000403919.jpg,640,480,104.15388671875
COCO_val2014_000000451648.jpg,480,640,77.46280924479167
COCO_val2014_000000219655.jpg,640,480,109.68439453125
COCO_val2014_000000196759.jpg,640,480,97.7516796875
COCO_val2014_000000463406.jpg,640,384,103.05276692708334
COCO_val2014_000000363887.jpg,640,427,103.52012953747072
COCO_val2014_000000371054.jpg,640,480,112.0388671875
COCO_val2014_000000398884.jpg,640,381,88.92077591863517
COCO_val2014_000000530941.jpg,640,478,86.28528700313808
COCO_val2014_000000399570.jpg,640,480,95.89194986979167
COCO_val2014_000000196798.jpg,513,640,125.75614339668616
COCO_val2014_000000113408.jpg,640,480,98.76073567708333
COCO_val2014_000000314426.jpg,640,425,103.35211029411765
COCO_val2014_000000343218.jpg,640,428,108.62228022780374
COCO_val2014_000000169111.jpg,640,480,107.36488932291667
COCO_val2014_000000406734.jpg,640,480,106.24505208333333
COCO_val2014_000000165518.jpg,612,612,114.55026645734547
COCO_val2014_000000409970.jpg,612,612,117.6607634884019
COCO_val2014_000000134886.jpg,640,480,149.55797200520834
COCO_val2014_000000537427.jpg,629,640,127.07338781796503
COCO_val2014_000000450728.jpg,360,270,131.52
COCO_val2014_000000425874.jpg,640,425,88.43728308823529
COCO_val2014_000000393254.jpg,472,640,113.84304488877119
COCO_val2014_000000274451.jpg,640,311,108.63036073151126
COCO_val2014_000000347506.jpg,640,329,96.67975873860182
COCO_val2014_000000318415.jpg,640,429,88.6528226981352
COCO_val2014_000000384528.jpg,640,479,102.14075874217119
COCO_val2014_000000561647.jpg,640,480,162.05386393229168
COCO_val2014_000000419096.jpg,612,612,119.03034356444103
COCO_val2014_000000156928.jpg,640,480,101.37777018229167
COCO_val2014_000000553912.jpg,640,478,68.10464173640167
COCO_val2014_000000063650.jpg,640,478,73.03609440376569
COCO_val2014_000000250953.jpg,640,480,176.22156901041666
COCO_val2014_000000034786.jpg,640,480,113.57104166666667
COCO_val2014_000000281696.jpg,500,333,95.44903303303303
COCO_val2014_000000115370.jpg,500,333,105.65990990990991
COCO_val2014_000000559950.jpg,640,480,144.457998046875
COCO_val2014_000000561578.jpg,480,640,108.524775390625
COCO_val2014_000000039871.jpg,640,480,24.409427083333334
COCO_val2014_000000151558.jpg,427,640,129.20402883489461
COCO_val2014_000000489482.jpg,500,446,170.58189237668162
COCO_val2014_000000066508.jpg,500,376,119.27693085106382
COCO_val2014_000000468115.jpg,500,333,97.2603003003003
COCO_val2014_000000533625.jpg,480,640,98.90859375
COCO_val2014_000000374241.jpg,640,427,108.64116290983607
COCO_val2014_000000286654.jpg,500,459,152.69180392156863
COCO_val2014_000000266115.jpg,480,640,91.49197591145834
COCO_val2014_000000369751.jpg,426,640,112.96891138497652
COCO_val2014_000000476873.jpg,500,375,132.04792
COCO_val2014_000000344229.jpg,480,640,100.49230794270834
COCO_val2014_000000537005.jpg,427,640,105.19377927400468
COCO_val2014_000000504516.jpg,640,427,93.79109338407494
COCO_val2014_000000426686.jpg,500,375,79.32325333333333
COCO_val2014_000000249277.jpg,480,640,118.06336588541667
COCO_val2014_000000349006.jpg,640,480,111.01305338541667
COCO_val2014_000000145295.jpg,640,480,80.199716796875
COCO_val2014_000000353593.jpg,640,480,140.38311848958332
COCO_val2014_000000564337.jpg,480,640,107.13714518229166
COCO_val2014_000000236717.jpg,500,375,163.131632
COCO_val2014_000000192128.jpg,640,480,105.79504231770834
COCO_val2014_000000089556.jpg,640,480,117.84586588541667
COCO_val2014_000000301634.jpg,640,480,137.00646484375
COCO_val2014_000000016977.jpg,640,480,140.16835611979167
COCO_val2014_000000489687.jpg,500,352,82.65150568181818
COCO_val2014_000000242673.jpg,640,480,123.115869140625
COCO_val2014_000000553879.jpg,640,480,129.32670572916666
COCO_val2014_000000540860.jpg,640,480,105.88170247395833
COCO_val2014_000000022420.jpg,640,480,130.26848307291667
COCO_val2014_000000538364.jpg,640,480,81.79963216145833
COCO_val2014_000000342515.jpg,640,480,112.76861002604167
COCO_val2014_000000356394.jpg,640,480,123.171962890625
COCO_val2014_000000506401.jpg,640,480,92.720400390625
COCO_val2014_000000296825.jpg,640,480,131.93155598958333
COCO_val2014_000000012014.jpg,640,360,109.84923611111111
COCO_val2014_000000396496.jpg,640,449,119.51642538975501
COCO_val2014_000000180541.jpg,640,426,108.94970657276995
COCO_val2014_000000496680.jpg,612,612,102.91236543637062
COCO_val2014_000000019624.jpg,640,480,89.27940104166667
COCO_val2014_000000138979.jpg,640,426,95.9435849471831
COCO_val2014_000000502317.jpg,500,375,145.326768
COCO_val2014_000000137185.jpg,434,640,129.81875720046082
COCO_val2014_000000209274.jpg,434,296,65.25570587868975
COCO_val2014_000000477526.jpg,640,426,97.43103726525821
COCO_val2014_000000296388.jpg,320,240,137.96255208333332
COCO_val2014_000000390368.jpg,375,500,139.92106133333334
COCO_val2014_000000521141.jpg,375,500,121.13877333333333
COCO_val2014_000000055545.jpg,640,424,100.72300265330189
COCO_val2014_000000535242.jpg,500,375,145.279072
COCO_val2014_000000242570.jpg,640,480,109.82166341145833
COCO_val2014_000000328111.jpg,640,480,138.814609375
COCO_val2014_000000148280.jpg,640,480,99.638671875
COCO_val2014_000000126030.jpg,640,427,86.40144906323185
COCO_val2014_000000343401.jpg,361,500,106.47838227146815
COCO_val2014_000000209935.jpg,509,640,76.4698673870334
COCO_val2014_000000183709.jpg,480,640,114.97042643229166
COCO_val2014_000000171809.jpg,640,480,130.75510416666665
COCO_val2014_000000171753.jpg,640,480,144.53108723958334
COCO_val2014_000000316694.jpg,524,640,117.61753339694657
COCO_val2014_000000557923.jpg,640,480,135.95494140625
COCO_val2014_000000135116.jpg,640,640,93.17748291015624
COCO_val2014_000000258021.jpg,500,375,107.24584533333334
COCO_val2014_000000099389.jpg,640,533,115.64665220450281
COCO_val2014_000000291791.jpg,640,499,128.20404245991983
COCO_val2014_000000322263.jpg,479,640,80.6585138308977
COCO_val2014_000000343934.jpg,640,480,121.84451822916667
COCO_val2014_000000495311.jpg,640,480,96.08572591145834
COCO_val2014_000000281534.jpg,401,640,93.77451683291771
COCO_val2014_000000449793.jpg,480,640,127.151259765625
COCO_val2014_000000449872.jpg,640,480,122.89798177083334
COCO_val2014_000000495064.jpg,500,375,136.512336
COCO_val2014_000000274272.jpg,640,480,121.413447265625
COCO_val2014_000000052627.jpg,640,427,57.327755415690866
COCO_val2014_000000058569.jpg,640,480,36.893603515625
COCO_val2014_000000248163.jpg,640,480,118.33134440104166
COCO_val2014_000000176906.jpg,460,500,109.85179130434783
COCO_val2014_000000159402.jpg,480,640,128.32488932291668
COCO_val2014_000000162579.jpg,640,480,111.71181315104167
COCO_val2014_000000387661.jpg,500,400,94.49717
COCO_val2014_000000065942.jpg,640,390,125.53025641025641
COCO_val2014_000000227590.jpg,400,325,88.81767692307692
COCO_val2014_000000212226.jpg,500,335,143.06475820895523
COCO_val2014_000000221165.jpg,640,425,108.77877205882353
COCO_val2014_000000050576.jpg,640,480,113.901953125
COCO_val2014_000000248427.jpg,480,640,133.186708984375
COCO_val2014_000000370503.jpg,640,427,68.90378732435597
COCO_val2014_000000498759.jpg,640,427,108.82302766393443
COCO_val2014_000000397903.jpg,640,427,83.65615120023419
COCO_val2014_000000298382.jpg,640,552,108.10341372282609
COCO_val2014_000000142562.jpg,600,400,122.36694583333333
COCO_val2014_000000161517.jpg,400,600,146.13025416666667
COCO_val2014_000000246746.jpg,600,400,156.9404375
COCO_val2014_000000097924.jpg,600,400,163.935825
COCO_val2014_000000490952.jpg,640,427,89.60080137587822
COCO_val2014_000000082052.jpg,480,640,101.605322265625
COCO_val2014_000000267127.jpg,640,480,97.48056640625
COCO_val2014_000000553852.jpg,640,529,88.23603201795841
COCO_val2014_000000434805.jpg,480,640,126.89629231770833
COCO_val2014_000000342128.jpg,488,640,94.86350537909836
COCO_val2014_000000553561.jpg,640,480,114.28557291666667
COCO_val2014_000000446799.jpg,640,424,35.61806456367925
COCO_val2014_000000309391.jpg,640,384,95.79094645182292
COCO_val2014_000000384402.jpg,640,480,178.30480143229167
COCO_val2014_000000240681.jpg,640,427,129.45383855386416
COCO_val2014_000000483165.jpg,640,427,105.9991181206089
COCO_val2014_000000506489.jpg,640,419,78.60305414677805
COCO_val2014_000000427956.jpg,500,399,150.25505263157893
COCO_val2014_000000463932.jpg,640,439,118.95830723234624
COCO_val2014_000000264940.jpg,500,415,106.87869397590362
COCO_val2014_000000486905.jpg,375,500,174.147856
COCO_val2014_000000022113.jpg,473,640,114.67722647991543
COCO_val2014_000000542423.jpg,640,425,142.4947242647059
COCO_val2014_000000140556.jpg,640,457,105.61118025164114
COCO_val2014_000000189698.jpg,640,428,78.62877482476635
COCO_val2014_000000406377.jpg,640,427,123.10396662763466
COCO_val2014_000000092212.jpg,480,640,135.583125
COCO_val2014_000000018098.jpg,640,458,118.59521697598254
COCO_val2014_000000326702.jpg,640,480,91.56070963541667
COCO_val2014_000000528136.jpg,640,480,80.57363932291666
COCO_val2014_000000380993.jpg,640,408,110.58624004289216
COCO_val2014_000000210804.jpg,427,640,161.08643881733022
COCO_val2014_000000102778.jpg,500,338,49.421207100591715
COCO_val2014_000000395364.jpg,640,480,114.56966471354167
COCO_val2014_000000461751.jpg,640,569,72.48491871704745
COCO_val2014_000000310442.jpg,640,476,67.89270942752101
COCO_val2014_000000498286.jpg,640,480,98.72788411458333
COCO_val2014_000000111789.jpg,500,345,132.96106666666665
COCO_val2014_000000083844.jpg,640,480,134.148623046875
COCO_val2014_000000068852.jpg,640,425,98.27452205882354
COCO_val2014_000000153217.jpg,375,500,102.76090666666667
COCO_val2014_000000449879.jpg,375,500,83.10666666666667
COCO_val2014_000000023821.jpg,640,444,115.63773226351351
COCO_val2014_000000037322.jpg,640,427,94.01000439110071
COCO_val2014_000000332877.jpg,640,360,85.58009114583334
COCO_val2014_000000580975.jpg,480,640,111.2564453125
COCO_val2014_000000471488.jpg,640,480,148.21498046875
COCO_val2014_000000206487.jpg,640,480,127.68277994791667
COCO_val2014_000000244246.jpg,480,640,155.27912760416666
COCO_val2014_000000547136.jpg,612,612,144.5895088427528
COCO_val2014_000000072776.jpg,640,426,145.07256088615023
COCO_val2014_000000305978.jpg,640,480,103.534599609375
COCO_val2014_000000018046.jpg,640,447,115.05211129753916
COCO_val2014_000000102056.jpg,640,429,111.0685423951049
COCO_val2014_000000573686.jpg,640,429,93.9160219988345
COCO_val2014_000000455085.jpg,427,640,103.1500768442623
COCO_val2014_000000083331.jpg,480,640,210.26147786458333
COCO_val2014_000000542856.jpg,640,427,141.4404200819672
COCO_val2014_000000052952.jpg,640,639,129.47023425273866
COCO_val2014_000000317087.jpg,480,640,121.58815755208333
COCO_val2014_000000029648.jpg,427,640,168.50477898126465
COCO_val2014_000000123053.jpg,480,640,99.55572591145834
COCO_val2014_000000015517.jpg,640,480,137.92714518229167
COCO_val2014_000000352481.jpg,640,427,90.72970945550351
COCO_val2014_000000213605.jpg,480,640,146.3331640625
COCO_val2014_000000194158.jpg,640,437,126.90864559496568
COCO_val2014_000000237964.jpg,640,428,127.17501825350467
COCO_val2014_000000527558.jpg,640,428,134.56333235981307
COCO_val2014_000000188918.jpg,640,480,107.78686848958333
COCO_val2014_000000299492.jpg,640,474,196.79676292194094
COCO_val2014_000000251330.jpg,500,371,208.9491590296496
COCO_val2014_000000493395.jpg,428,640,114.99740435163551
COCO_val2014_000000190907.jpg,480,640,131.54020182291666
COCO_val2014_000000069366.jpg,640,480,115.44889322916667
COCO_val2014_000000110389.jpg,640,484,143.46889527376032
COCO_val2014_000000498557.jpg,640,468,176.77411525106837
COCO_val2014_000000496722.jpg,640,360,134.00015625
COCO_val2014_000000373341.jpg,640,496,106.92603956653225
COCO_val2014_000000464130.jpg,640,420,121.57922991071429
COCO_val2014_000000395997.jpg,640,426,99.61851525821596
COCO_val2014_000000499835.jpg,640,480,116.651494140625
COCO_val2014_000000329280.jpg,478,640,103.01713519874477
COCO_val2014_000000026731.jpg,640,480,124.67884765625
COCO_val2014_000000004497.jpg,640,400,97.0297421875
COCO_val2014_000000132210.jpg,640,417,103.03500824340527
COCO_val2014_000000581040.jpg,480,640,96.22366536458334
COCO_val2014_000000379259.jpg,480,640,67.42607421875
COCO_val2014_000000484229.jpg,476,640,82.69123227415966
COCO_val2014_000000319369.jpg,640,432,148.45073784722223
COCO_val2014_000000088021.jpg,640,553,121.94543117088608
COCO_val2014_000000269253.jpg,640,451,117.81379573170732
COCO_val2014_000000073665.jpg,480,640,87.22267578125
COCO_val2014_000000291834.jpg,578,640,100.23206909602077
COCO_val2014_000000575577.jpg,500,333,145.36602402402403
COCO_val2014_000000440062.jpg,500,333,126.32600600600601
COCO_val2014_000000278705.jpg,640,480,128.16856770833334
COCO_val2014_000000523696.jpg,480,640,96.13924479166667
COCO_val2014_000000107564.jpg,640,640,107.24229248046875
COCO_val2014_000000157593.jpg,640,476,120.72964482668067
COCO_val2014_000000099065.jpg,480,640,171.39669921875
COCO_val2014_000000511760.jpg,296,640,193.3105204814189
COCO_val2014_000000260382.jpg,640,359,138.6969838091922
COCO_val2014_000000257236.jpg,500,334,144.9223892215569
COCO_val2014_000000072810.jpg,640,480,125.83312825520834
COCO_val2014_000000078823.jpg,640,480,89.12719075520833
COCO_val2014_000000425280.jpg,640,428,150.60951737733646
COCO_val2014_000000385346.jpg,640,428,131.93748174649534
COCO_val2014_000000004764.jpg,640,364,78.28589457417583
COCO_val2014_000000578099.jpg,640,427,139.41465529859485
COCO_val2014_000000263828.jpg,640,427,148.50293471896956
COCO_val2014_000000015272.jpg,424,640,127.84111512382076
COCO_val2014_000000126046.jpg,640,428,104.46316077686916
COCO_val2014_000000505831.jpg,427,640,122.80166129976581
COCO_val2014_000000185721.jpg,640,428,60.776672021028034
COCO_val2014_000000206290.jpg,640,480,135.2859375
COCO_val2014_000000343315.jpg,640,478,155.41520985878662
COCO_val2014_000000105537.jpg,427,640,108.05798082552693
COCO_val2014_000000174420.jpg,640,421,146.1195627969121
COCO_val2014_000000461628.jpg,640,415,167.39794804216868
COCO_val2014_000000050165.jpg,640,431,115.40333889211136
COCO_val2014_000000490695.jpg,640,428,121.94883542640187
COCO_val2014_000000086334.jpg,640,428,114.76504453855141
COCO_val2014_000000550173.jpg,640,428,97.8184323890187
COCO_val2014_000000016499.jpg,640,429,125.8801974067599
COCO_val2014_000000362391.jpg,640,432,100.53451967592592
COCO_val2014_000000219873.jpg,640,480,155.056005859375
COCO_val2014_000000549560.jpg,500,375,161.72273066666668
COCO_val2014_000000079357.jpg,448,336,93.81457934736395
COCO_val2014_000000262987.jpg,375,500,141.172016
COCO_val2014_000000574216.jpg,640,480,75.45852213541667
COCO_val2014_000000442456.jpg,640,356,119.63584971910112
COCO_val2014_000000133619.jpg,612,612,52.499807766243755
COCO_val2014_000000462929.jpg,640,426,92.57548048708921
COCO_val2014_000000207172.jpg,640,427,126.64569672131148
COCO_val2014_000000334069.jpg,640,428,128.7799284462617
COCO_val2014_000000500100.jpg,500,492,143.33028861788617
COCO_val2014_000000117352.jpg,500,375,150.73581866666666
COCO_val2014_000000190463.jpg,640,480,113.382998046875
COCO_val2014_000000505862.jpg,640,426,85.02888057511737
COCO_val2014_000000172556.jpg,640,480,160.52119466145834
COCO_val2014_000000140487.jpg,640,480,95.67415690104167
COCO_val2014_000000427232.jpg,640,431,145.36586426914153
COCO_val2014_000000388042.jpg,640,480,122.060361328125
COCO_val2014_000000480752.jpg,640,427,134.351306352459
COCO_val2014_000000064425.jpg,426,640,77.66091549295774
COCO_val2014_000000070493.jpg,500,375,135.00197333333332
COCO_val2014_000000423519.jpg,460,640,103.09210597826088
COCO_val2014_000000060610.jpg,640,531,110.18788547551789
COCO_val2014_000000534639.jpg,640,475,118.48583881578948
COCO_val2014_000000017029.jpg,640,640,120.29218994140625
COCO_val2014_000000350148.jpg,480,640,135.96200520833332
COCO_val2014_000000301421.jpg,640,427,84.5752524882904
COCO_val2014_000000565034.jpg,640,480,53.252740885416664
COCO_val2014_000000097379.jpg,640,480,135.19075846354167
COCO_val2014_000000067994.jpg,426,640,158.3369131455399
COCO_val2014_000000356424.jpg,480,640,108.93617513020833
COCO_val2014_000000225494.jpg,640,426,88.25674149061032
COCO_val2014_000000572604.jpg,640,480,148.48069661458334
COCO_val2014_000000450674.jpg,640,426,96.32742811032864
COCO_val2014_000000339022.jpg,640,425,124.24427573529412
COCO_val2014_000000112329.jpg,640,598,146.21532451923076
COCO_val2014_000000520009.jpg,500,412,164.90682524271844
COCO_val2014_000000269006.jpg,480,640,89.794580078125
COCO_val2014_000000581262.jpg,640,480,83.45661783854166
COCO_val2014_000000516998.jpg,500,375,106.63576
COCO_val2014_000000387244.jpg,500,375,147.41871466666666
COCO_val2014_000000362682.jpg,640,427,116.88149516978923
COCO_val2014_000000410712.jpg,640,426,51.492216842723
COCO_val2014_000000290293.jpg,640,326,99.94396088957055
COCO_val2014_000000018525.jpg,640,573,110.84436627399651
COCO_val2014_000000230212.jpg,640,480,103.77651692708334
COCO_val2014_000000123639.jpg,640,427,118.69028468969555
COCO_val2014_000000326317.jpg,428,640,93.9247042932243
COCO_val2014_000000536400.jpg,640,480,148.481806640625
COCO_val2014_000000551383.jpg,612,612,126.97978875646119
COCO_val2014_000000502963.jpg,640,480,84.30823893229167
COCO_val2014_000000468297.jpg,640,469,122.74295042643924
COCO_val2014_000000453216.jpg,640,469,124.28915911513859
COCO_val2014_000000125071.jpg,640,480,119.40162434895834
COCO_val2014_000000309638.jpg,426,640,134.10022007042252
COCO_val2014_000000019888.jpg,640,427,133.31205357142858
COCO_val2014_000000363581.jpg,640,480,95.23065104166666
COCO_val2014_000000355956.jpg,640,349,125.72923083810888
COCO_val2014_000000411201.jpg,640,480,112.79970377604167
COCO_val2014_000000571970.jpg,640,569,142.981815685413
COCO_val2014_000000262228.jpg,480,640,125.82960611979166
COCO_val2014_000000320246.jpg,640,480,146.966015625
COCO_val2014_000000275219.jpg,500,435,106.38474022988505
COCO_val2014_000000511777.jpg,640,480,127.68978190104167
COCO_val2014_000000360767.jpg,480,640,129.99022786458335
COCO_val2014_000000480225.jpg,640,478,140.02883433577406
COCO_val2014_000000235517.jpg,640,480,121.38661458333333
COCO_val2014_000000206176.jpg,640,480,103.56152669270833
COCO_val2014_000000566576.jpg,640,480,110.67732747395833
COCO_val2014_000000079024.jpg,640,480,99.52742838541667
COCO_val2014_000000196415.jpg,640,480,94.31273763020833
COCO_val2014_000000241113.jpg,640,480,96.995537109375
COCO_val2014_000000185922.jpg,640,480,138.45254557291668
COCO_val2014_000000019443.jpg,640,359,109.86979021587744
COCO_val2014_000000538153.jpg,640,480,117.71870768229167
COCO_val2014_000000291067.jpg,640,480,128.540595703125
COCO_val2014_000000479912.jpg,478,640,147.31583093619247
COCO_val2014_000000357899.jpg,640,480,125.81930989583333
COCO_val2014_000000008180.jpg,640,418,125.07285062799043
COCO_val2014_000000488278.jpg,640,428,175.9794465537383
COCO_val2014_000000579325.jpg,640,478,121.44993789225941
COCO_val2014_000000009699.jpg,640,480,127.40216471354167
COCO_val2014_000000095561.jpg,640,480,158.70773111979167
COCO_val2014_000000183379.jpg,640,480,131.29201497395835
COCO_val2014_000000495054.jpg,640,433,142.50166714780602
COCO_val2014_000000252844.jpg,640,480,136.16289713541667
COCO_val2014_000000008005.jpg,640,480,137.63346354166666
COCO_val2014_000000570001.jpg,640,429,129.0581585081585
COCO_val2014_000000061259.jpg,640,433,155.14242205542726
COCO_val2014_000000068114.jpg,640,480,116.80279947916667
COCO_val2014_000000053139.jpg,640,480,122.38203125
COCO_val2014_000000488789.jpg,640,480,111.38065104166667
COCO_val2014_000000075560.jpg,640,480,147.037841796875
COCO_val2014_000000232538.jpg,640,480,152.69488932291668
COCO_val2014_000000161185.jpg,640,480,138.00284505208333
COCO_val2014_000000145921.jpg,640,454,127.42258397577092
COCO_val2014_000000532390.jpg,640,461,147.93577481019523
COCO_val2014_000000296996.jpg,640,415,159.24787650602408
COCO_val2014_000000013348.jpg,640,427,124.8522431206089
COCO_val2014_000000423837.jpg,640,415,164.19744728915663
COCO_val2014_000000224247.jpg,640,443,159.13250211625282
COCO_val2014_000000345275.jpg,640,480,136.581572265625
COCO_val2014_000000393288.jpg,640,480,124.606845703125
COCO_val2014_000000517296.jpg,640,480,110.582626953125
COCO_val2014_000000444236.jpg,640,480,152.768701171875
COCO_val2014_000000125645.jpg,640,480,149.12021809895833
COCO_val2014_000000100016.jpg,640,480,135.32845703125
COCO_val2014_000000334743.jpg,640,480,120.58188151041666
COCO_val2014_000000076416.jpg,640,480,136.41576497395835
COCO_val2014_000000252970.jpg,640,480,184.51729817708335
COCO_val2014_000000170784.jpg,640,480,118.055458984375
COCO_val2014_000000531036.jpg,480,640,116.97922200520833
COCO_val2014_000000087429.jpg,640,480,151.97325520833334
COCO_val2014_000000098392.jpg,480,640,144.268896484375
COCO_val2014_000000365611.jpg,450,640,118.36226736111111
COCO_val2014_000000287396.jpg,640,480,114.21367838541667
COCO_val2014_000000197130.jpg,640,480,111.7294140625
COCO_val2014_000000299593.jpg,640,480,110.39177408854167
COCO_val2014_000000142472.jpg,640,480,113.772412109375
COCO_val2014_000000450607.jpg,640,480,113.40108723958333
COCO_val2014_000000176278.jpg,640,480,109.87751627604166
COCO_val2014_000000277869.jpg,640,480,125.52275390625
COCO_val2014_000000320901.jpg,478,640,107.4208485878661
COCO_val2014_000000516143.jpg,640,480,127.76262044270834
COCO_val2014_000000284160.jpg,640,480,109.0991015625
COCO_val2014_000000406329.jpg,640,427,120.87451331967213
COCO_val2014_000000018366.jpg,640,480,115.57289713541667
COCO_val2014_000000250608.jpg,640,421,99.1999406175772
COCO_val2014_000000340701.jpg,640,478,102.25420698221757
COCO_val2014_000000118710.jpg,640,478,80.42855321652719
COCO_val2014_000000304076.jpg,478,640,98.32937369246862
COCO_val2014_000000122354.jpg,640,480,149.03935221354166
COCO_val2014_000000006226.jpg,640,480,114.36238932291667
COCO_val2014_000000495146.jpg,640,480,148.87391276041666
COCO_val2014_000000528595.jpg,640,480,88.69582356770833
COCO_val2014_000000153832.jpg,640,480,133.42936848958334
COCO_val2014_000000442942.jpg,640,480,138.03801106770834
COCO_val2014_000000410951.jpg,640,480,107.14275390625
COCO_val2014_000000211046.jpg,640,480,137.50828125
COCO_val2014_000000224053.jpg,480,640,96.28338541666666
COCO_val2014_000000237758.jpg,640,480,141.88439453125
COCO_val2014_000000310906.jpg,640,480,172.73545572916666
COCO_val2014_000000562227.jpg,640,480,115.05119791666667
COCO_val2014_000000134722.jpg,640,480,130.13705078125
COCO_val2014_000000184400.jpg,640,480,109.48010091145834
COCO_val2014_000000478286.jpg,640,480,112.97644856770833
COCO_val2014_000000217400.jpg,640,480,111.00664713541667
COCO_val2014_000000202329.jpg,640,480,117.865126953125
COCO_val2014_000000252332.jpg,640,480,96.05384440104167
COCO_val2014_000000540733.jpg,640,427,129.69695550351287
COCO_val2014_000000578221.jpg,480,640,125.74275065104166
COCO_val2014_000000525050.jpg,480,640,99.5897265625
COCO_val2014_000000037437.jpg,640,480,114.50424479166666
COCO_val2014_000000408863.jpg,640,480,142.874814453125
COCO_val2014_000000352491.jpg,640,480,109.91441731770833
COCO_val2014_000000326863.jpg,640,480,115.49424479166667
COCO_val2014_000000021483.jpg,640,480,114.57938802083333
COCO_val2014_000000024693.jpg,640,480,147.35291666666666
COCO_val2014_000000074937.jpg,640,480,113.72971028645833
COCO_val2014_000000008333.jpg,640,480,118.48841471354167
COCO_val2014_000000309316.jpg,640,427,85.90111973067916
COCO_val2014_000000400554.jpg,640,429,101.47405303030303
COCO_val2014_000000161840.jpg,640,457,78.41185380196937
COCO_val2014_000000293785.jpg,640,480,111.87416341145833
COCO_val2014_000000475244.jpg,640,478,99.98495685146443
COCO_val2014_000000286583.jpg,439,640,116.64969034738041
COCO_val2014_000000336166.jpg,427,640,160.244050058548
COCO_val2014_000000437262.jpg,640,480,124.185068359375
COCO_val2014_000000074166.jpg,640,428,124.51519421728972
COCO_val2014_000000376793.jpg,500,335,132.02045970149254
COCO_val2014_000000417216.jpg,426,640,180.6199347124413
COCO_val2014_000000189744.jpg,640,480,150.58170572916666
COCO_val2014_000000398742.jpg,427,640,142.31428205503514
COCO_val2014_000000301817.jpg,640,480,126.33646484375
COCO_val2014_000000381504.jpg,640,480,146.93620768229167
COCO_val2014_000000347039.jpg,496,640,60.85726436491935
COCO_val2014_000000046263.jpg,640,480,123.36273763020833
COCO_val2014_000000097146.jpg,640,480,78.2148046875
COCO_val2014_000000183676.jpg,640,481,126.3333354989605
COCO_val2014_000000577932.jpg,640,543,121.65851461786372
COCO_val2014_000000145025.jpg,640,428,139.3204183703271
COCO_val2014_000000495183.jpg,640,482,84.5199299792531
COCO_val2014_000000148055.jpg,640,427,149.69532713700235
COCO_val2014_000000487059.jpg,640,427,137.02278615339577
COCO_val2014_000000242222.jpg,640,427,120.30936768149883
COCO_val2014_000000429710.jpg,640,408,121.61352251838235
COCO_val2014_000000138095.jpg,640,492,105.6447662601626
COCO_val2014_000000022979.jpg,610,640,127.44391393442623
COCO_val2014_000000356800.jpg,500,334,118.01204191616766
COCO_val2014_000000044801.jpg,500,333,105.04357957957959
COCO_val2014_000000062661.jpg,500,334,108.42213173652695
COCO_val2014_000000571821.jpg,520,640,138.668125
COCO_val2014_000000181816.jpg,640,480,157.05693359375
COCO_val2014_000000198943.jpg,640,457,173.54942218271336
COCO_val2014_000000505040.jpg,640,320,172.0266943359375
COCO_val2014_000000401862.jpg,640,480,76.21726236979167
COCO_val2014_000000566414.jpg,640,428,110.56158367406542
COCO_val2014_000000441430.jpg,640,427,118.8785019028103
COCO_val2014_000000166948.jpg,640,480,95.88609375
COCO_val2014_000000340588.jpg,640,482,86.51580329356847
COCO_val2014_000000563275.jpg,640,373,118.60685740616621
COCO_val2014_000000424227.jpg,419,640,63.93917064439141
COCO_val2014_000000261888.jpg,640,426,101.82263791079812
COCO_val2014_000000438185.jpg,640,400,165.388125
COCO_val2014_000000473050.jpg,480,640,112.52581705729166
COCO_val2014_000000148392.jpg,640,480,110.01513020833333
COCO_val2014_000000321308.jpg,640,480,124.698837890625
COCO_val2014_000000214575.jpg,640,428,104.46604483060747
COCO_val2014_000000020629.jpg,640,476,121.2305344012605
COCO_val2014_000000237495.jpg,640,425,111.86086397058824
COCO_val2014_000000502012.jpg,640,425,88.05044852941177
COCO_val2014_000000424866.jpg,640,480,59.39787109375
COCO_val2014_000000533480.jpg,458,640,82.57247202510916
COCO_val2014_000000195561.jpg,640,480,103.62397786458334
COCO_val2014_000000410114.jpg,640,425,101.50465073529412
COCO_val2014_000000322719.jpg,640,426,148.96069542253522
COCO_val2014_000000439868.jpg,426,640,130.88414025821595
COCO_val2014_000000337561.jpg,640,480,128.59466796875
COCO_val2014_000000308358.jpg,640,374,116.71666945187165
COCO_val2014_000000139969.jpg,375,500,98.192144
COCO_val2014_000000541897.jpg,375,500,113.66414933333333
COCO_val2014_000000534784.jpg,640,401,123.37970308603491
COCO_val2014_000000258472.jpg,640,298,110.51330222315437
COCO_val2014_000000148282.jpg,360,480,93.73300347222222
COCO_val2014_000000295403.jpg,640,480,112.25450520833333
COCO_val2014_000000011149.jpg,500,375,124.93218133333333
COCO_val2014_000000264718.jpg,480,640,140.81083333333333
COCO_val2014_000000361142.jpg,463,640,145.8298899838013
COCO_val2014_000000503292.jpg,640,427,76.67805547423887
COCO_val2014_000000275027.jpg,640,427,133.22157860070257
COCO_val2014_000000340922.jpg,640,480,121.16106770833333
COCO_val2014_000000567644.jpg,640,427,126.28864168618267
COCO_val2014_000000302318.jpg,500,375,109.841424
COCO_val2014_000000399567.jpg,640,427,73.68829771662763
COCO_val2014_000000227049.jpg,480,640,54.11892903645833
COCO_val2014_000000370701.jpg,640,640,106.8185498046875
COCO_val2014_000000348379.jpg,640,427,98.17218969555036
COCO_val2014_000000204749.jpg,640,480,110.678134765625
COCO_val2014_000000096207.jpg,640,480,154.029658203125
COCO_val2014_000000321024.jpg,640,427,104.99757391686182
COCO_val2014_000000045594.jpg,640,480,115.43873372395834
COCO_val2014_000000329217.jpg,640,480,94.66738606770834
COCO_val2014_000000193380.jpg,640,480,144.67181966145833
COCO_val2014_000000297299.jpg,480,640,89.06748046875
COCO_val2014_000000521259.jpg,640,457,131.44750068380745
COCO_val2014_000000428116.jpg,480,384,95.72937825520833
COCO_val2014_000000490306.jpg,480,640,92.84326822916667
COCO_val2014_000000479836.jpg,640,466,150.00681330472102
COCO_val2014_000000451623.jpg,480,640,69.736552734375
COCO_val2014_000000455720.jpg,640,366,86.234375
COCO_val2014_000000117786.jpg,368,640,97.96144701086956
COCO_val2014_000000433515.jpg,640,480,102.72827799479167
COCO_val2014_000000439827.jpg,640,400,99.671390625
COCO_val2014_000000005001.jpg,640,480,61.30076171875
COCO_val2014_000000497969.jpg,640,360,108.3130078125
COCO_val2014_000000404718.jpg,500,283,114.53274911660777
COCO_val2014_000000337011.jpg,360,640,115.54850694444444
COCO_val2014_000000199158.jpg,640,480,118.57658203125
COCO_val2014_000000567944.jpg,500,283,132.67089045936396
COCO_val2014_000000576871.jpg,640,367,106.76579529972751
COCO_val2014_000000117458.jpg,640,428,172.89558265186915
COCO_val2014_000000463037.jpg,640,427,103.56087163348946
COCO_val2014_000000003035.jpg,640,425,144.4573125
COCO_val2014_000000061624.jpg,640,334,168.83888473053892
COCO_val2014_000000234182.jpg,640,427,106.03061694964872
COCO_val2014_000000365655.jpg,640,427,139.19442330210774
COCO_val2014_000000001779.jpg,500,375,170.28421866666667
COCO_val2014_000000219688.jpg,426,640,125.20474618544601
COCO_val2014_000000514376.jpg,640,480,130.28212890625
COCO_val2014_000000508931.jpg,640,483,86.68261516563147
COCO_val2014_000000172702.jpg,640,360,33.38548177083333
COCO_val2014_000000191893.jpg,640,429,169.24653263403263
COCO_val2014_000000210442.jpg,640,429,151.92192963286712
COCO_val2014_000000310902.jpg,612,612,98.61721987269854
COCO_val2014_000000256552.jpg,480,640,150.68309895833335
COCO_val2014_000000393583.jpg,640,360,151.619765625
COCO_val2014_000000045105.jpg,640,424,103.92486733490566
COCO_val2014_000000081827.jpg,396,640,129.23360164141414
COCO_val2014_000000437221.jpg,375,500,89.31610133333334
COCO_val2014_000000213255.jpg,480,640,63.00679036458333
COCO_val2014_000000118406.jpg,538,640,107.9053467704461
COCO_val2014_000000318701.jpg,640,480,181.75144205729165
COCO_val2014_000000119516.jpg,640,427,55.54283518735363
COCO_val2014_000000270175.jpg,480,640,83.20379557291666
COCO_val2014_000000447842.jpg,427,640,104.62468896370024
COCO_val2014_000000566823.jpg,640,427,144.17721018735364
COCO_val2014_000000499768.jpg,640,428,148.4803519275701
COCO_val2014_000000293071.jpg,335,500,131.2349671641791
COCO_val2014_000000160233.jpg,480,640,94.93799479166667
COCO_val2014_000000053956.jpg,640,425,162.85726470588236
COCO_val2014_000000281660.jpg,480,640,100.13397135416666
COCO_val2014_000000456611.jpg,640,425,109.91401470588235
COCO_val2014_000000504103.jpg,480,640,126.42455729166667
COCO_val2014_000000158306.jpg,480,640,110.9170703125
COCO_val2014_000000570516.jpg,640,428,42.94545122663551
COCO_val2014_000000282062.jpg,640,426,96.85370085093896
COCO_val2014_000000372258.jpg,624,416,150.10580775394476
COCO_val2014_000000331959.jpg,500,334,107.84777844311377
COCO_val2014_000000302498.jpg,640,427,120.65608899297423
COCO_val2014_000000110597.jpg,500,332,119.8410421686747
COCO_val2014_000000200717.jpg,640,427,125.98564841920374
COCO_val2014_000000436323.jpg,500,357,144.14825770308124
COCO_val2014_000000209162.jpg,640,427,81.52250805035129
COCO_val2014_000000282618.jpg,640,480,169.7500390625
COCO_val2014_000000437332.jpg,428,640,125.62935163551401
COCO_val2014_000000273784.jpg,640,426,126.66794674295775
COCO_val2014_000000375812.jpg,640,457,111.33049781181619
COCO_val2014_000000086988.jpg,480,640,119.0684765625
COCO_val2014_000000438535.jpg,404,640,127.34426051980198
COCO_val2014_000000449768.jpg,640,383,59.74077186684073
COCO_val2014_000000525971.jpg,640,424,130.1491745283019
COCO_val2014_000000080304.jpg,640,480,81.78097330729166
COCO_val2014_000000360342.jpg,612,499,119.10932322160662
COCO_val2014_000000093034.jpg,633,640,88.77132701421802
COCO_val2014_000000227433.jpg,427,640,145.92019906323185
COCO_val2014_000000009497.jpg,640,424,87.43801591981132
COCO_val2014_000000332489.jpg,500,375,115.19162133333333
COCO_val2014_000000529907.jpg,640,389,94.32642191516709
COCO_val2014_000000329711.jpg,640,427,97.67628073770491
COCO_val2014_000000006497.jpg,640,521,115.51779330614204
COCO_val2014_000000357354.jpg,640,409,100.48482961491443
COCO_val2014_000000429759.jpg,640,427,110.49245096604216
COCO_val2014_000000559656.jpg,640,427,210.11361241217799
COCO_val2014_000000545920.jpg,640,474,83.2936016613924
COCO_val2014_000000224104.jpg,640,480,143.000595703125
COCO_val2014_000000287914.jpg,640,418,84.35659016148325
COCO_val2014_000000415613.jpg,640,427,81.80454112997658
COCO_val2014_000000105518.jpg,640,427,113.86666788641686
COCO_val2014_000000065350.jpg,640,427,103.73102678571429
COCO_val2014_000000454102.jpg,640,427,160.97293252341922
COCO_val2014_000000526732.jpg,640,480,100.416533203125
COCO_val2014_000000284749.jpg,427,640,150.113912470726
COCO_val2014_000000457884.jpg,640,458,103.60154203056769
COCO_val2014_000000541486.jpg,640,427,84.55931645199063
COCO_val2014_000000558137.jpg,640,427,120.21209382318501
COCO_val2014_000000353409.jpg,640,432,137.26886212384258
COCO_val2014_000000360735.jpg,640,427,73.12745535714286
COCO_val2014_000000317254.jpg,640,417,109.89020533573141
COCO_val2014_000000026982.jpg,640,427,124.91910494730679
COCO_val2014_000000282145.jpg,640,478,107.5420927039749
COCO_val2014_000000253964.jpg,640,480,101.43723307291667
COCO_val2014_000000265069.jpg,640,411,98.94609945255475
COCO_val2014_000000386313.jpg,640,480,129.95548177083333
COCO_val2014_000000497875.jpg,640,411,87.1607322080292
COCO_val2014_000000388026.jpg,640,480,132.085888671875
COCO_val2014_000000555763.jpg,640,368,122.37561990489131
COCO_val2014_000000024566.jpg,640,480,127.532265625
COCO_val2014_000000084168.jpg,480,640,145.976923828125
COCO_val2014_000000284954.jpg,640,480,134.81701171875
COCO_val2014_000000577036.jpg,640,427,90.1580393735363
COCO_val2014_000000442630.jpg,640,480,120.09603190104167
COCO_val2014_000000523454.jpg,640,480,85.92395182291666
COCO_val2014_000000542625.jpg,640,480,111.6042578125
COCO_val2014_000000566758.jpg,640,480,115.89369140625
COCO_val2014_000000116848.jpg,640,421,135.25469121140142
COCO_val2014_000000233977.jpg,640,480,96.672783203125
COCO_val2014_000000431686.jpg,427,640,89.36128146955504
COCO_val2014_000000381463.jpg,640,480,101.65444661458334
COCO_val2014_000000496411.jpg,640,480,123.197998046875
COCO_val2014_000000066239.jpg,640,480,115.63600911458333
COCO_val2014_000000036557.jpg,480,640,155.643271484375
COCO_val2014_000000099741.jpg,427,640,86.23344555035129
COCO_val2014_000000030657.jpg,640,480,105.91419921875
COCO_val2014_000000391810.jpg,640,460,140.57761888586955
COCO_val2014_000000250076.jpg,640,503,120.83988879224653
COCO_val2014_000000489358.jpg,640,480,132.20377278645833
COCO_val2014_000000532976.jpg,640,480,103.133017578125
COCO_val2014_000000039468.jpg,640,480,112.0636328125
COCO_val2014_000000501379.jpg,640,480,142.61528645833334
COCO_val2014_000000393226.jpg,640,480,135.03398763020834
COCO_val2014_000000133571.jpg,640,427,89.87304596018735
COCO_val2014_000000233430.jpg,480,640,103.05899088541666
COCO_val2014_000000519945.jpg,640,427,89.76592139929743
COCO_val2014_000000340368.jpg,640,427,103.82027590749415
COCO_val2014_000000509589.jpg,640,533,106.33572056754221
COCO_val2014_000000162067.jpg,427,640,101.64590529859485
COCO_val2014_000000458485.jpg,640,480,116.11082682291666
COCO_val2014_000000450993.jpg,640,436,150.57427250573394
COCO_val2014_000000033979.jpg,640,209,138.10811901913877
COCO_val2014_000000157918.jpg,500,375,126.06437866666667
COCO_val2014_000000039502.jpg,480,640,72.46955403645833
COCO_val2014_000000169468.jpg,640,480,161.43424153645833
COCO_val2014_000000356358.jpg,640,480,161.09681640625
COCO_val2014_000000371890.jpg,640,480,89.723369140625
COCO_val2014_000000242287.jpg,426,640,132.13098224765258
COCO_val2014_000000259830.jpg,425,640,109.08269485294117
COCO_val2014_000000498758.jpg,500,405,96.06744197530864
COCO_val2014_000000325768.jpg,427,640,88.3660531323185
COCO_val2014_000000145448.jpg,640,427,88.66852678571429
COCO_val2014_000000120810.jpg,640,480,110.662470703125
COCO_val2014_000000261999.jpg,640,427,66.60960553278689
COCO_val2014_000000350874.jpg,640,480,95.81483723958333
COCO_val2014_000000571264.jpg,640,426,162.7048965669014
COCO_val2014_000000448288.jpg,640,480,155.77470377604166
COCO_val2014_000000217783.jpg,640,480,153.19088216145835
COCO_val2014_000000204650.jpg,640,480,156.43079752604166
COCO_val2014_000000448697.jpg,480,640,172.51075846354166
COCO_val2014_000000119802.jpg,640,427,104.04973653395784
COCO_val2014_000000578270.jpg,640,426,76.52829372065727
COCO_val2014_000000215524.jpg,480,640,79.52165364583334
COCO_val2014_000000505890.jpg,640,429,114.42058566433566
COCO_val2014_000000579859.jpg,413,640,174.0881772094431
COCO_val2014_000000185941.jpg,640,427,105.08508855386417
COCO_val2014_000000440043.jpg,470,640,133.39422872340427
COCO_val2014_000000321307.jpg,640,601,129.6468801996672
COCO_val2014_000000161873.jpg,640,480,101.39480143229167
COCO_val2014_000000338191.jpg,635,640,93.13129429133858
COCO_val2014_000000028993.jpg,612,612,121.36204291084626
COCO_val2014_000000425447.jpg,640,480,117.73069986979166
COCO_val2014_000000391321.jpg,375,500,129.64696533333333
COCO_val2014_000000315621.jpg,640,427,110.8570294203747
COCO_val2014_000000131108.jpg,640,427,178.64252049180328
COCO_val2014_000000037678.jpg,439,640,73.9984125854214
COCO_val2014_000000242852.jpg,640,426,88.8907607100939
COCO_val2014_000000378825.jpg,640,426,101.99636517018779
COCO_val2014_000000186624.jpg,640,553,105.0846462477396
COCO_val2014_000000233963.jpg,640,428,109.13747079439253
COCO_val2014_000000166896.jpg,640,426,101.23110328638498
COCO_val2014_000000190204.jpg,640,426,94.1021933685446
COCO_val2014_000000315863.jpg,640,426,97.13915419600939
COCO_val2014_000000557559.jpg,640,394,104.48823366116751
COCO_val2014_000000088094.jpg,640,423,103.18740765366431
COCO_val2014_000000555180.jpg,640,426,92.00732467723005
COCO_val2014_000000519088.jpg,640,387,100.69929748062016
COCO_val2014_000000107650.jpg,640,480,115.88078776041667
COCO_val2014_000000114744.jpg,640,427,62.491850848946136
COCO_val2014_000000416885.jpg,500,375,72.16323733333333
COCO_val2014_000000457780.jpg,640,480,138.82974283854168
COCO_val2014_000000271681.jpg,640,427,109.7332406323185
COCO_val2014_000000323827.jpg,640,480,114.35518229166667
COCO_val2014_000000543193.jpg,500,500,173.829372
COCO_val2014_000000225919.jpg,640,259,107.83306587837838
COCO_val2014_000000000073.jpg,565,640,117.08774336283186
COCO_val2014_000000330604.jpg,640,480,110.35931640625
COCO_val2014_000000526401.jpg,640,360,80.59649739583334
COCO_val2014_000000229317.jpg,640,360,136.8979253472222
COCO_val2014_000000203389.jpg,640,480,140.96300130208334
COCO_val2014_000000133002.jpg,640,481,178.02287227130978
COCO_val2014_000000081103.jpg,640,481,89.42766372141372
COCO_val2014_000000522232.jpg,480,640,94.36501302083333
COCO_val2014_000000256906.jpg,640,426,107.32781690140845
COCO_val2014_000000572767.jpg,480,640,121.253251953125
COCO_val2014_000000003793.jpg,640,428,103.55261025116822
COCO_val2014_000000398246.jpg,640,478,87.04821521966527
COCO_val2014_000000531286.jpg,640,480,135.47680338541667
COCO_val2014_000000233834.jpg,640,427,85.06824502341921
COCO_val2014_000000503277.jpg,596,640,103.94852139261745
COCO_val2014_000000114907.jpg,640,425,111.39557352941176
COCO_val2014_000000427041.jpg,612,612,100.2595956683327
COCO_val2014_000000313588.jpg,480,640,102.62818684895834
COCO_val2014_000000195079.jpg,640,427,82.78570696721312
COCO_val2014_000000454798.jpg,640,425,126.35955514705883
COCO_val2014_000000136785.jpg,612,612,99.18458979452348
COCO_val2014_000000274460.jpg,640,454,152.76600702092512
COCO_val2014_000000151141.jpg,640,480,128.168740234375
COCO_val2014_000000079966.jpg,480,640,132.9782421875
COCO_val2014_000000017882.jpg,480,640,108.07952799479166
COCO_val2014_000000210522.jpg,640,480,55.60245442708333
COCO_val2014_000000032124.jpg,500,351,107.95385754985755
COCO_val2014_000000239355.jpg,612,612,93.97237173736598
COCO_val2014_000000377809.jpg,640,480,53.79382486979166
COCO_val2014_000000262161.jpg,640,428,95.4001277745327
COCO_val2014_000000087998.jpg,640,480,113.289736328125
COCO_val2014_000000578168.jpg,500,375,135.35183466666666
COCO_val2014_000000528811.jpg,640,480,125.33772135416666
COCO_val2014_000000409119.jpg,640,478,140.73626765167364
COCO_val2014_000000378448.jpg,640,414,138.3293327294686
COCO_val2014_000000114147.jpg,640,480,163.42669921875
COCO_val2014_000000371139.jpg,428,640,125.54820020443925
COCO_val2014_000000436694.jpg,640,427,91.4491949648712
COCO_val2014_000000010014.jpg,640,426,102.89308245305165
COCO_val2014_000000199578.jpg,640,427,54.85145638173302
COCO_val2014_000000030796.jpg,640,427,38.10566086065574
COCO_val2014_000000236739.jpg,640,475,121.83165131578947
COCO_val2014_000000540180.jpg,480,640,103.49294596354167
COCO_val2014_000000087912.jpg,640,471,147.00350981953292
COCO_val2014_000000396350.jpg,480,640,127.44639973958333
COCO_val2014_000000027484.jpg,640,348,166.46538703304597
COCO_val2014_000000362092.jpg,500,375,143.72202133333334
COCO_val2014_000000336464.jpg,500,375,91.02292266666667
COCO_val2014_000000499615.jpg,500,375,120.196496
COCO_val2014_000000380868.jpg,640,426,110.57827904929577
COCO_val2014_000000283277.jpg,640,480,79.04344075520834
COCO_val2014_000000331386.jpg,640,427,103.00484484777517
COCO_val2014_000000357552.jpg,640,426,92.01769732981221
COCO_val2014_000000097899.jpg,500,375,122.08318933333334
COCO_val2014_000000320482.jpg,640,425,100.01820588235294
COCO_val2014_000000218134.jpg,500,375,133.66483733333334
COCO_val2014_000000412757.jpg,640,423,112.39724438534279
COCO_val2014_000000516185.jpg,640,433,94.75496174942263
COCO_val2014_000000094751.jpg,375,500,136.56199466666666
COCO_val2014_000000310473.jpg,528,400,126.02952178030303
COCO_val2014_000000409921.jpg,640,480,114.036240234375
COCO_val2014_000000386592.jpg,640,418,100.21088516746411
COCO_val2014_000000408047.jpg,640,426,134.4230193661972
COCO_val2014_000000216618.jpg,640,483,157.7818905279503
COCO_val2014_000000284725.jpg,640,427,126.66435158079625
COCO_val2014_000000547345.jpg,478,640,130.15923770920503
COCO_val2014_000000019025.jpg,640,478,112.26114670502092
COCO_val2014_000000370602.jpg,480,640,121.84994140625
COCO_val2014_000000021644.jpg,640,480,127.09339518229167
COCO_val2014_000000301691.jpg,480,640,140.30904296875
COCO_val2014_000000484404.jpg,640,480,111.467412109375
COCO_val2014_000000256852.jpg,500,375,134.44773866666668
COCO_val2014_000000176037.jpg,640,431,77.07223027842227
COCO_val2014_000000027946.jpg,640,426,65.03706719483569
COCO_val2014_000000533217.jpg,298,500,153.01197986577182
COCO_val2014_000000029852.jpg,640,480,114.58868815104167
COCO_val2014_000000082921.jpg,500,334,156.50826946107784
COCO_val2014_000000304316.jpg,500,375,80.77271466666667
COCO_val2014_000000246248.jpg,640,480,118.07453776041666
COCO_val2014_000000105261.jpg,640,426,115.06588174882629
COCO_val2014_000000036049.jpg,640,426,159.85044380868544
COCO_val2014_000000178072.jpg,640,486,112.28604359567902
COCO_val2014_000000011260.jpg,640,509,108.30629604616895
COCO_val2014_000000420710.jpg,640,473,129.80168802854124
COCO_val2014_000000012731.jpg,640,513,123.96019736842105
COCO_val2014_000000492102.jpg,500,375,134.89424
COCO_val2014_000000268049.jpg,640,424,120.09459389740566
COCO_val2014_000000340329.jpg,640,480,113.75482747395833
COCO_val2014_000000325666.jpg,640,425,82.00461397058824
COCO_val2014_000000127520.jpg,480,640,113.196064453125
COCO_val2014_000000110369.jpg,640,485,101.2558537371134
COCO_val2014_000000283653.jpg,640,480,129.04437825520833
COCO_val2014_000000235644.jpg,640,426,145.10563747065729
COCO_val2014_000000558421.jpg,640,427,118.39459162763465
COCO_val2014_000000149588.jpg,640,427,101.24156176814988
COCO_val2014_000000532580.jpg,640,427,112.21131806206088
COCO_val2014_000000206300.jpg,480,640,117.85146809895834
COCO_val2014_000000271828.jpg,480,640,137.32336263020832
COCO_val2014_000000519673.jpg,640,480,121.38599283854167
COCO_val2014_000000395046.jpg,427,640,115.92932523419204
COCO_val2014_000000168811.jpg,640,428,87.70979848130841
COCO_val2014_000000550980.jpg,555,640,106.28350788288289
COCO_val2014_000000450324.jpg,640,426,77.22609301643193
COCO_val2014_000000387150.jpg,640,480,148.38427408854167
COCO_val2014_000000139094.jpg,640,481,125.0242626039501
COCO_val2014_000000019631.jpg,640,480,108.773984375
COCO_val2014_000000130516.jpg,640,480,83.809091796875
COCO_val2014_000000340577.jpg,640,425,144.47844852941176
COCO_val2014_000000528980.jpg,426,640,163.40301496478872
COCO_val2014_000000213785.jpg,500,333,80.84666666666666
COCO_val2014_000000533106.jpg,640,467,129.72889788543898
COCO_val2014_000000147653.jpg,640,501,164.9154908932136
COCO_val2014_000000443713.jpg,360,500,120.77822222222223
COCO_val2014_000000045463.jpg,640,480,102.012763671875
COCO_val2014_000000273450.jpg,640,612,96.52261795343138
COCO_val2014_000000381608.jpg,640,427,107.50456674473068
COCO_val2014_000000472623.jpg,425,640,98.32004411764706
COCO_val2014_000000398304.jpg,640,480,134.943330078125
COCO_val2014_000000086135.jpg,640,480,104.86227213541666
COCO_val2014_000000011887.jpg,640,480,123.01993815104167
COCO_val2014_000000159740.jpg,640,427,110.20245901639345
COCO_val2014_000000377723.jpg,640,427,126.17771150468384
COCO_val2014_000000517890.jpg,480,640,110.54940104166667
COCO_val2014_000000133995.jpg,462,640,105.05808982683983
COCO_val2014_000000013159.jpg,640,427,83.05276639344262
COCO_val2014_000000385042.jpg,427,640,68.32432303864168
COCO_val2014_000000030383.jpg,427,640,41.53522760538642
COCO_val2014_000000561164.jpg,526,640,161.89334006653993
COCO_val2014_000000511076.jpg,640,427,135.03146589578455
COCO_val2014_000000129285.jpg,640,480,97.04242838541667
COCO_val2014_000000136411.jpg,480,640,109.852353515625
COCO_val2014_000000088513.jpg,640,480,148.90639322916667
COCO_val2014_000000388100.jpg,640,480,117.27467122395834
COCO_val2014_000000547421.jpg,640,472,111.78673199152543
COCO_val2014_000000190753.jpg,640,478,101.40146116631799
COCO_val2014_000000147101.jpg,640,427,135.5077868852459
COCO_val2014_000000410638.jpg,478,640,107.77416317991631
COCO_val2014_000000075806.jpg,640,480,118.13211588541667
COCO_val2014_000000366256.jpg,426,640,116.46746992370892
COCO_val2014_000000210299.jpg,640,480,169.30036783854166
COCO_val2014_000000337120.jpg,480,640,130.66497395833332
COCO_val2014_000000027519.jpg,640,480,89.93214518229166
COCO_val2014_000000227511.jpg,500,375,119.703504
COCO_val2014_000000469192.jpg,640,480,132.62662434895833
COCO_val2014_000000448176.jpg,640,480,111.12677083333334
COCO_val2014_000000131804.jpg,640,428,124.5794027453271
COCO_val2014_000000567683.jpg,480,640,109.89184895833333
COCO_val2014_000000411184.jpg,640,480,130.14790364583334
COCO_val2014_000000571857.jpg,640,426,151.6812646713615
COCO_val2014_000000042144.jpg,640,480,67.60865885416666
COCO_val2014_000000563067.jpg,640,480,104.24443684895833
COCO_val2014_000000116295.jpg,640,480,64.90159505208334
COCO_val2014_000000198176.jpg,640,427,109.25785641100703
COCO_val2014_000000306989.jpg,640,479,112.81899465031316
COCO_val2014_000000432333.jpg,640,480,128.65677408854165
COCO_val2014_000000260048.jpg,500,375,55.567568
COCO_val2014_000000451228.jpg,640,480,87.58196940104166
COCO_val2014_000000178747.jpg,640,480,65.55329427083333
COCO_val2014_000000448626.jpg,640,428,134.7953855140187
COCO_val2014_000000378831.jpg,500,315,145.73409523809525
COCO_val2014_000000543215.jpg,640,360,115.28482638888889
COCO_val2014_000000244184.jpg,640,427,129.75335919203746
COCO_val2014_000000557127.jpg,500,375,126.23905066666667
COCO_val2014_000000276707.jpg,640,480,112.175029296875
COCO_val2014_000000184324.jpg,640,425,93.1567794117647
COCO_val2014_000000349324.jpg,640,427,110.21743632903981
COCO_val2014_000000002822.jpg,640,480,142.82027018229167
COCO_val2014_000000522940.jpg,511,640,107.49041401663405
COCO_val2014_000000236837.jpg,640,360,107.03496527777777
COCO_val2014_000000247369.jpg,640,480,126.47623046875
COCO_val2014_000000235832.jpg,640,480,98.96694661458334
COCO_val2014_000000549299.jpg,640,427,131.24418911007027
COCO_val2014_000000450577.jpg,500,375,110.44841066666666
COCO_val2014_000000135756.jpg,640,416,110.37846304086538
COCO_val2014_000000576085.jpg,640,393,147.87985050890586
COCO_val2014_000000476119.jpg,640,427,182.30261270491803
COCO_val2014_000000143320.jpg,640,480,116.93478841145833
COCO_val2014_000000544574.jpg,640,480,130.42940755208335
COCO_val2014_000000534444.jpg,640,480,159.08632161458334
COCO_val2014_000000016599.jpg,360,640,106.33413194444445
COCO_val2014_000000209763.jpg,446,640,124.94071959080718
COCO_val2014_000000492025.jpg,480,640,120.88137044270833
COCO_val2014_000000140963.jpg,640,480,92.62623697916666
COCO_val2014_000000457834.jpg,640,426,100.66297681924883
COCO_val2014_000000358883.jpg,500,375,107.016224
COCO_val2014_000000225686.jpg,429,640,123.33975087412587
COCO_val2014_000000451896.jpg,478,640,148.20332439853556
COCO_val2014_000000574702.jpg,333,500,80.78217417417417
COCO_val2014_000000439657.jpg,478,640,163.64118070083683
COCO_val2014_000000441695.jpg,502,640,128.5235339890438
COCO_val2014_000000135319.jpg,640,480,130.717626953125
COCO_val2014_000000283642.jpg,640,467,100.0265926124197
COCO_val2014_000000528364.jpg,640,417,114.86286345923261
COCO_val2014_000000331447.jpg,640,411,129.2349186435523
COCO_val2014_000000281759.jpg,640,427,140.2339980971897
COCO_val2014_000000010693.jpg,640,427,97.30865046838407
COCO_val2014_000000205883.jpg,640,426,208.96537558685446
COCO_val2014_000000571657.jpg,427,640,151.52917520491803
COCO_val2014_000000274779.jpg,480,640,108.27673828125
COCO_val2014_000000450845.jpg,427,640,129.34287909836067
COCO_val2014_000000385378.jpg,640,480,148.98557942708334
COCO_val2014_000000464515.jpg,640,325,84.38445192307692
COCO_val2014_000000051880.jpg,640,427,112.69715676229508
COCO_val2014_000000559270.jpg,640,426,77.13496552230048
COCO_val2014_000000313093.jpg,640,427,66.17557816159251
COCO_val2014_000000197683.jpg,640,427,103.9129537470726
COCO_val2014_000000089150.jpg,640,488,109.84912269467213
COCO_val2014_000000109012.jpg,500,400,129.022005
COCO_val2014_000000183246.jpg,500,400,153.41538
COCO_val2014_000000363652.jpg,427,640,42.54598214285714
COCO_val2014_000000010920.jpg,480,640,109.65849934895833
COCO_val2014_000000136595.jpg,640,445,101.43478230337078
COCO_val2014_000000225946.jpg,640,463,127.40083693304535
COCO_val2014_000000502558.jpg,640,445,118.98981390449438
COCO_val2014_000000068217.jpg,640,455,125.61793956043957
COCO_val2014_000000516004.jpg,480,640,99.21705403645834
COCO_val2014_000000341815.jpg,640,427,106.41930620608899
COCO_val2014_000000089558.jpg,640,640,133.9846044921875
COCO_val2014_000000382164.jpg,640,213,120.0133876173709
COCO_val2014_000000020904.jpg,427,640,150.71528103044497
COCO_val2014_000000504726.jpg,427,640,120.42871779859485
COCO_val2014_000000526728.jpg,500,375,119.738832
COCO_val2014_000000192670.jpg,640,433,145.0465394053118
COCO_val2014_000000555271.jpg,640,433,147.20876515588915
COCO_val2014_000000090787.jpg,640,480,95.562880859375
COCO_val2014_000000344307.jpg,427,640,96.9534031030445
COCO_val2014_000000286774.jpg,480,640,91.515908203125
COCO_val2014_000000451095.jpg,640,502,123.82321650896414
COCO_val2014_000000301376.jpg,333,500,127.61348348348348
COCO_val2014_000000278550.jpg,311,308,138.00011483693154
COCO_val2014_000000070321.jpg,640,640,136.79720458984374
COCO_val2014_000000203564.jpg,400,400,226.9886625
COCO_val2014_000000478858.jpg,480,640,79.96799153645833
COCO_val2014_000000131581.jpg,640,480,106.02872395833333
COCO_val2014_000000267112.jpg,640,427,69.51764856557377
COCO_val2014_000000475407.jpg,640,480,128.130810546875
COCO_val2014_000000292505.jpg,640,640,99.356689453125
COCO_val2014_000000400247.jpg,480,640,95.74666341145833
COCO_val2014_000000062915.jpg,612,612,72.64219691144432
COCO_val2014_000000235491.jpg,335,500,118.36067462686567
COCO_val2014_000000127136.jpg,640,480,123.49200520833334
COCO_val2014_000000179926.jpg,640,480,142.748505859375
COCO_val2014_000000354088.jpg,640,428,109.2320093457944
COCO_val2014_000000229385.jpg,480,640,104.97002278645833
COCO_val2014_000000015746.jpg,427,640,121.14864973653395
COCO_val2014_000000317969.jpg,500,283,127.11044522968199
COCO_val2014_000000417716.jpg,480,640,85.215146484375
COCO_val2014_000000215356.jpg,480,640,85.30462239583333
COCO_val2014_000000411958.jpg,500,360,60.43738888888889
COCO_val2014_000000560466.jpg,640,427,92.60009514051522
COCO_val2014_000000388818.jpg,640,400,130.1644765625
COCO_val2014_000000157955.jpg,640,427,84.69686036299765
COCO_val2014_000000426611.jpg,640,480,116.37244791666667
COCO_val2014_000000309173.jpg,335,500,112.35613134328358
COCO_val2014_000000298718.jpg,640,427,100.85279932669789
COCO_val2014_000000099186.jpg,480,640,118.81101888020834
COCO_val2014_000000390685.jpg,428,640,86.98461229556075
COCO_val2014_000000302242.jpg,640,480,95.475498046875
COCO_val2014_000000014473.jpg,640,427,92.78852824941453
COCO_val2014_000000064961.jpg,612,612,160.79091375112137
COCO_val2014_000000189452.jpg,640,427,110.34383782201405
COCO_val2014_000000536088.jpg,427,640,118.43838553864168
COCO_val2014_000000409030.jpg,426,640,123.13055311032863
COCO_val2014_000000209733.jpg,500,391,146.1358874680307
COCO_val2014_000000389295.jpg,640,480,119.01827473958333
COCO_val2014_000000101491.jpg,480,640,93.70017578125
COCO_val2014_000000132901.jpg,454,640,81.34899504405287
COCO_val2014_000000067078.jpg,640,517,63.20986158123791
COCO_val2014_000000210060.jpg,640,427,90.16177912763466
COCO_val2014_000000559776.jpg,640,427,106.29149224238876
COCO_val2014_000000043433.jpg,640,445,97.82823735955056
COCO_val2014_000000375892.jpg,640,427,142.63960406908666
COCO_val2014_000000403432.jpg,500,375,111.98956266666667
COCO_val2014_000000506471.jpg,640,480,94.62398111979167
COCO_val2014_000000147740.jpg,640,480,106.963818359375
COCO_val2014_000000564132.jpg,640,360,114.97599826388888
COCO_val2014_000000422326.jpg,640,427,106.92039300351288
COCO_val2014_000000375450.jpg,640,480,135.63634765625
COCO_val2014_000000485237.jpg,640,174,129.99626436781608
COCO_val2014_000000457684.jpg,640,219,168.21338470319634
COCO_val2014_000000547431.jpg,640,409,128.35320522616138
COCO_val2014_000000217886.jpg,640,445,108.32590238764045
COCO_val2014_000000383611.jpg,640,428,48.6236492406542
COCO_val2014_000000131714.jpg,640,480,147.4992578125
COCO_val2014_000000405530.jpg,640,270,119.62500578703704
COCO_val2014_000000217009.jpg,640,414,122.11960673309179
COCO_val2014_000000022649.jpg,640,480,74.07119791666666
COCO_val2014_000000264201.jpg,640,427,199.6179156908665
COCO_val2014_000000018191.jpg,363,500,174.2558347107438
COCO_val2014_000000374485.jpg,640,427,116.00610362997658
COCO_val2014_000000048014.jpg,640,427,109.4600300058548
COCO_val2014_000000276886.jpg,640,439,97.0516194476082
COCO_val2014_000000337226.jpg,640,474,94.62148931962025
COCO_val2014_000000536168.jpg,612,612,113.39479473706695
COCO_val2014_000000278747.jpg,640,481,69.8005229989605
COCO_val2014_000000422434.jpg,640,481,79.43453742203742
COCO_val2014_000000124277.jpg,640,481,88.12909953222453
COCO_val2014_000000198164.jpg,640,453,113.1976303807947
COCO_val2014_000000107939.jpg,640,431,98.95772911832947
COCO_val2014_000000112232.jpg,640,480,140.26598958333332
COCO_val2014_000000420658.jpg,640,480,136.860947265625
COCO_val2014_000000178578.jpg,640,480,110.81913411458333
COCO_val2014_000000339852.jpg,640,480,137.03932291666666
COCO_val2014_000000431431.jpg,640,427,107.84977678571428
COCO_val2014_000000245426.jpg,640,427,86.00689402810305
COCO_val2014_000000188873.jpg,640,480,119.88328125
COCO_val2014_000000151781.jpg,640,402,98.676220460199
COCO_val2014_000000299734.jpg,640,386,96.16374271373057
COCO_val2014_000000198447.jpg,640,480,162.70612630208333
COCO_val2014_000000076994.jpg,640,480,59.257565104166666
COCO_val2014_000000214197.jpg,480,360,103.83559027777778
COCO_val2014_000000071573.jpg,640,447,125.19017757270693
COCO_val2014_000000359387.jpg,427,640,124.85707699063232
COCO_val2014_000000311300.jpg,640,427,114.24685304449649
COCO_val2014_000000046269.jpg,640,427,126.41526273419204
COCO_val2014_000000279203.jpg,640,362,152.20234806629836
COCO_val2014_000000331937.jpg,640,427,123.6752012587822
COCO_val2014_000000144438.jpg,640,480,112.34374674479167
COCO_val2014_000000290234.jpg,500,241,54.6585643153527
COCO_val2014_000000256672.jpg,479,640,122.3966499217119
COCO_val2014_000000299288.jpg,480,640,141.050029296875
COCO_val2014_000000299649.jpg,640,480,100.58434895833334
COCO_val2014_000000306716.jpg,640,427,103.30818574355972
COCO_val2014_000000248488.jpg,640,480,138.16336263020833
COCO_val2014_000000368663.jpg,500,333,112.84015015015015
COCO_val2014_000000556653.jpg,640,379,129.57266243403694
COCO_val2014_000000249643.jpg,640,461,123.16962784707158
COCO_val2014_000000431523.jpg,640,427,146.95507172131147
COCO_val2014_000000273188.jpg,480,640,104.198779296875
COCO_val2014_000000132683.jpg,640,426,128.85780149647888
COCO_val2014_000000291144.jpg,640,426,115.41639524647887
COCO_val2014_000000147745.jpg,640,480,150.65591796875
COCO_val2014_000000154000.jpg,640,480,149.34143229166668
COCO_val2014_000000341010.jpg,640,640,108.6191259765625
COCO_val2014_000000153249.jpg,640,427,81.27523785128805
COCO_val2014_000000441511.jpg,640,480,97.74511393229167
COCO_val2014_000000051025.jpg,640,480,108.093330078125
COCO_val2014_000000160012.jpg,640,461,91.15174213665944
COCO_val2014_000000535483.jpg,640,512,118.8393310546875
COCO_val2014_000000426166.jpg,500,332,85.26912048192771
COCO_val2014_000000315501.jpg,500,333,148.1428108108108
COCO_val2014_000000561054.jpg,375,500,100.056784
COCO_val2014_000000490629.jpg,640,480,106.65692057291666
COCO_val2014_000000110081.jpg,640,480,84.408515625
COCO_val2014_000000314251.jpg,640,480,96.54305989583334
COCO_val2014_000000311068.jpg,500,400,129.15714
COCO_val2014_000000202339.jpg,480,640,98.29650390625
COCO_val2014_000000161010.jpg,640,480,109.48065755208333
COCO_val2014_000000133827.jpg,640,512,111.94789123535156
COCO_val2014_000000453390.jpg,428,640,64.12519348714953
COCO_val2014_000000082787.jpg,640,480,142.6517578125
COCO_val2014_000000396404.jpg,640,480,100.88823567708333
COCO_val2014_000000044269.jpg,640,480,61.122952473958335
COCO_val2014_000000542079.jpg,640,480,38.779095052083335
COCO_val2014_000000415536.jpg,640,480,66.037197265625
COCO_val2014_000000533378.jpg,640,480,105.465654296875
COCO_val2014_000000292663.jpg,640,480,119.69954752604167
COCO_val2014_000000423617.jpg,640,480,90.05595052083333
COCO_val2014_000000449403.jpg,640,480,80.06352864583333
COCO_val2014_000000084170.jpg,640,480,61.20554361979167
COCO_val2014_000000228467.jpg,640,480,87.99625325520833
COCO_val2014_000000077405.jpg,500,375,129.94823466666668
COCO_val2014_000000493682.jpg,640,480,140.70809895833332
COCO_val2014_000000002640.jpg,640,480,130.22301432291667
COCO_val2014_000000264753.jpg,640,423,77.38766622340425
COCO_val2014_000000469246.jpg,640,480,124.56564778645833
COCO_val2014_000000581887.jpg,640,480,138.40050455729167
COCO_val2014_000000513891.jpg,640,494,103.39070407388664
COCO_val2014_000000089743.jpg,640,480,83.41389322916666
COCO_val2014_000000456833.jpg,640,480,113.34625
COCO_val2014_000000194398.jpg,553,640,122.64186256781194
COCO_val2014_000000234660.jpg,640,480,123.72561197916667
COCO_val2014_000000186472.jpg,480,640,111.7979296875
COCO_val2014_000000374669.jpg,480,640,165.093828125
COCO_val2014_000000436172.jpg,480,640,129.860712890625
COCO_val2014_000000414882.jpg,332,500,74.82666265060242
COCO_val2014_000000430871.jpg,640,428,36.833279789719626
COCO_val2014_000000050238.jpg,500,333,123.91227027027027
COCO_val2014_000000153061.jpg,500,375,118.73045866666666
COCO_val2014_000000140203.jpg,640,480,114.69147135416667
COCO_val2014_000000234963.jpg,640,480,139.96387369791665
COCO_val2014_000000413275.jpg,640,480,145.91790364583332
COCO_val2014_000000104494.jpg,640,459,110.70485430283225
COCO_val2014_000000454382.jpg,640,480,138.73370442708332
COCO_val2014_000000060677.jpg,640,480,115.92818684895833
COCO_val2014_000000401088.jpg,640,480,103.96468424479167
COCO_val2014_000000129100.jpg,640,480,129.94314778645833
COCO_val2014_000000161144.jpg,609,640,110.960424363711
COCO_val2014_000000020410.jpg,640,480,114.23181315104166
COCO_val2014_000000295308.jpg,640,636,118.83910672169812
COCO_val2014_000000043737.jpg,480,640,94.885029296875
COCO_val2014_000000232121.jpg,640,480,134.63701171875
COCO_val2014_000000243777.jpg,640,480,96.98411783854166
COCO_val2014_000000190829.jpg,640,480,117.12221354166667
COCO_val2014_000000110501.jpg,480,640,130.12306315104166
COCO_val2014_000000508482.jpg,480,640,88.8015234375
COCO_val2014_000000129135.jpg,640,480,102.09044596354167
COCO_val2014_000000101180.jpg,640,419,84.16148940930788
COCO_val2014_000000334276.jpg,500,375,143.88114133333335
COCO_val2014_000000176466.jpg,640,427,87.41142418032787
COCO_val2014_000000344930.jpg,640,429,98.57475233100233
COCO_val2014_000000460049.jpg,640,359,107.5238030988858
COCO_val2014_000000049075.jpg,640,470,89.46137632978723
COCO_val2014_000000500829.jpg,640,427,115.62180913348946
COCO_val2014_000000532773.jpg,640,427,132.56974531615924
COCO_val2014_000000434723.jpg,640,427,120.86888539227166
COCO_val2014_000000239395.jpg,640,480,60.39730143229167
COCO_val2014_000000102330.jpg,640,425,132.63425
COCO_val2014_000000090839.jpg,640,428,99.61281761098131
COCO_val2014_000000215132.jpg,640,428,90.05497225467289
COCO_val2014_000000269949.jpg,427,640,106.37650029274005
COCO_val2014_000000078170.jpg,640,640,65.62625
COCO_val2014_000000086468.jpg,423,640,119.40816710992908
COCO_val2014_000000231450.jpg,640,282,113.8047539893617
COCO_val2014_000000323564.jpg,640,427,143.8713261124122
COCO_val2014_000000506577.jpg,375,500,126.74058133333334
COCO_val2014_000000246265.jpg,500,333,56.62463663663664
COCO_val2014_000000429174.jpg,640,480,160.56396158854167
COCO_val2014_000000484279.jpg,640,430,51.29323764534884
COCO_val2014_000000198972.jpg,640,429,127.40205783799534
COCO_val2014_000000387773.jpg,640,588,115.3094068877551
COCO_val2014_000000338219.jpg,640,566,101.0622543065371
COCO_val2014_000000344325.jpg,640,426,138.80717429577464
COCO_val2014_000000140651.jpg,640,427,142.68782201405153
COCO_val2014_000000482305.jpg,640,480,99.80925455729167
COCO_val2014_000000419235.jpg,640,426,116.8218309859155
COCO_val2014_000000280710.jpg,640,480,137.999130859375
COCO_val2014_000000101053.jpg,640,480,149.21367513020834
COCO_val2014_000000069944.jpg,640,479,129.26016440501044
COCO_val2014_000000464092.jpg,640,480,114.35885416666666
COCO_val2014_000000126822.jpg,640,480,133.84611979166667
COCO_val2014_000000004988.jpg,640,480,127.890966796875
COCO_val2014_000000039811.jpg,640,480,134.647412109375
COCO_val2014_000000388395.jpg,640,480,106.41841471354167
COCO_val2014_000000121503.jpg,640,490,131.2794961734694
COCO_val2014_000000534673.jpg,640,480,145.484287109375
COCO_val2014_000000137826.jpg,640,480,135.023984375
COCO_val2014_000000293841.jpg,640,480,128.15595377604166
COCO_val2014_000000403657.jpg,640,480,119.85462565104167
COCO_val2014_000000116667.jpg,640,487,118.0872112422998
COCO_val2014_000000497021.jpg,375,500,115.56472533333333
COCO_val2014_000000183614.jpg,640,480,120.071357421875
COCO_val2014_000000514722.jpg,500,375,142.73416533333332
COCO_val2014_000000076547.jpg,640,480,93.459580078125
COCO_val2014_000000138527.jpg,640,424,137.37537588443396
COCO_val2014_000000516800.jpg,640,424,96.99215064858491
COCO_val2014_000000479030.jpg,640,424,97.92924528301887
COCO_val2014_000000531739.jpg,500,333,62.604594594594595
COCO_val2014_000000469599.jpg,500,375,84.57949333333333
COCO_val2014_000000405531.jpg,640,425,95.06274264705883
COCO_val2014_000000075552.jpg,640,426,68.6308612089202
COCO_val2014_000000495117.jpg,640,503,152.17875869781312
COCO_val2014_000000134231.jpg,640,428,101.87017377336448
COCO_val2014_000000218397.jpg,640,480,145.965068359375
COCO_val2014_000000194208.jpg,640,480,94.97183268229166
COCO_val2014_000000245430.jpg,480,640,132.53651041666666
COCO_val2014_000000477853.jpg,612,612,139.4322829894485
COCO_val2014_000000450581.jpg,612,612,153.98905068563374
COCO_val2014_000000135057.jpg,640,426,151.20645539906104
COCO_val2014_000000246066.jpg,640,459,87.31766067538126
COCO_val2014_000000304240.jpg,480,640,120.13079427083333
COCO_val2014_000000440729.jpg,447,640,35.56328299776286
COCO_val2014_000000571865.jpg,500,375,102.02660266666666
COCO_val2014_000000566923.jpg,640,426,132.9820165786385
COCO_val2014_000000295055.jpg,640,480,133.02496744791668
COCO_val2014_000000562171.jpg,500,350,119.27079428571429
COCO_val2014_000000326627.jpg,640,480,111.972421875
COCO_val2014_000000291048.jpg,640,426,118.60775014671361
COCO_val2014_000000419697.jpg,500,333,89.92412012012012
COCO_val2014_000000268396.jpg,500,333,121.29843243243243
COCO_val2014_000000217509.jpg,332,500,144.38951204819278
COCO_val2014_000000418152.jpg,480,640,117.08111002604167
COCO_val2014_000000405621.jpg,480,640,100.89552083333334
COCO_val2014_000000013333.jpg,640,480,108.624189453125
COCO_val2014_000000079408.jpg,640,427,94.81700087822014
COCO_val2014_000000274058.jpg,640,428,92.74477949766356
COCO_val2014_000000538198.jpg,640,444,147.7573585304054
COCO_val2014_000000113672.jpg,640,480,106.66076171875
COCO_val2014_000000470784.jpg,640,427,139.50280664519906
COCO_val2014_000000162627.jpg,640,480,115.14534830729167
COCO_val2014_000000063328.jpg,640,480,144.71126302083334
COCO_val2014_000000374545.jpg,549,640,115.23713285519126
COCO_val2014_000000243825.jpg,480,640,91.71994140625
COCO_val2014_000000521197.jpg,640,483,110.66480654761905
COCO_val2014_000000414510.jpg,480,640,125.21338541666667
COCO_val2014_000000520524.jpg,640,480,103.722646484375
COCO_val2014_000000102746.jpg,640,383,81.61791367493473
COCO_val2014_000000524108.jpg,640,400,64.42936328125
COCO_val2014_000000491169.jpg,640,376,89.71459857047873
COCO_val2014_000000162867.jpg,640,480,49.966227213541664
COCO_val2014_000000325836.jpg,640,377,53.93791031167109
COCO_val2014_000000530220.jpg,640,421,48.45330314726841
COCO_val2014_000000524011.jpg,640,512,168.57681274414062
COCO_val2014_000000541627.jpg,640,640,121.94447509765625
COCO_val2014_000000558635.jpg,640,480,120.89666666666666
COCO_val2014_000000306893.jpg,500,368,119.2101902173913
COCO_val2014_000000331289.jpg,640,425,104.71055882352941
COCO_val2014_000000377575.jpg,426,640,120.77842209507043
COCO_val2014_000000437303.jpg,513,640,130.65201632553607
COCO_val2014_000000034847.jpg,640,480,122.135615234375
COCO_val2014_000000231460.jpg,500,406,90.76317733990147
COCO_val2014_000000078056.jpg,480,640,109.40380859375
COCO_val2014_000000246650.jpg,640,457,123.4973057986871
COCO_val2014_000000271452.jpg,640,480,149.18537760416666
COCO_val2014_000000424155.jpg,373,500,125.98825737265416
COCO_val2014_000000095899.jpg,640,480,144.58094075520833
COCO_val2014_000000518530.jpg,640,480,124.89156575520833
COCO_val2014_000000581899.jpg,640,480,108.54507486979166
COCO_val2014_000000211675.jpg,640,361,90.06274238227147
COCO_val2014_000000033144.jpg,640,640,76.94558837890625
COCO_val2014_000000151842.jpg,640,425,130.3200073529412
COCO_val2014_000000508218.jpg,640,434,104.89832589285714
COCO_val2014_000000264268.jpg,640,480,135.49262369791666
COCO_val2014_000000131815.jpg,640,640,76.1870654296875
COCO_val2014_000000288150.jpg,345,500,119.42493913043478
COCO_val2014_000000269254.jpg,375,500,112.99978666666667
COCO_val2014_000000360480.jpg,640,428,109.72065201518691
COCO_val2014_000000551907.jpg,480,640,130.133359375
COCO_val2014_000000575348.jpg,640,523,127.96101816443594
COCO_val2014_000000110392.jpg,640,426,95.65902288732394
COCO_val2014_000000336667.jpg,447,640,150.9925650167785
COCO_val2014_000000390298.jpg,640,427,90.96634953161592
COCO_val2014_000000430519.jpg,640,480,104.74219075520833
COCO_val2014_000000037751.jpg,640,480,123.28051432291667
COCO_val2014_000000134215.jpg,640,640,94.97087158203125
COCO_val2014_000000305803.jpg,640,292,136.22308433219177
COCO_val2014_000000193424.jpg,500,341,95.45113782991203
COCO_val2014_000000385625.jpg,640,429,133.47057473776223
COCO_val2014_000000525208.jpg,640,480,67.14097005208333
COCO_val2014_000000134537.jpg,640,427,69.76892930327868
COCO_val2014_000000442681.jpg,640,461,151.00497559652928
COCO_val2014_000000514249.jpg,500,375,57.630656
COCO_val2014_000000034580.jpg,640,480,93.01291015625
COCO_val2014_000000185464.jpg,640,480,138.93264973958333
COCO_val2014_000000272857.jpg,500,375,114.46933333333334
COCO_val2014_000000126260.jpg,640,531,194.40699152542373
COCO_val2014_000000052949.jpg,640,480,88.503720703125
COCO_val2014_000000066427.jpg,640,480,125.30954427083333
COCO_val2014_000000382728.jpg,640,480,88.325029296875
COCO_val2014_000000335887.jpg,640,480,101.8540625
COCO_val2014_000000565485.jpg,640,480,60.3440234375
COCO_val2014_000000454818.jpg,640,480,92.4148046875
COCO_val2014_000000038031.jpg,500,375,126.62457066666667
COCO_val2014_000000127997.jpg,500,375,115.51082133333334
COCO_val2014_000000205289.jpg,640,451,169.29306055986697
COCO_val2014_000000005325.jpg,500,375,98.85188266666667
COCO_val2014_000000116083.jpg,640,437,105.62650171624713
COCO_val2014_000000341469.jpg,457,640,127.1863170131291
COCO_val2014_000000548713.jpg,640,480,99.54809895833333
COCO_val2014_000000513181.jpg,640,423,110.07665854018913
COCO_val2014_000000278095.jpg,640,640,152.06008056640624
COCO_val2014_000000514904.jpg,500,333,112.51212012012012
COCO_val2014_000000250917.jpg,500,375,111.35002666666666
COCO_val2014_000000129544.jpg,640,427,84.5239388173302
COCO_val2014_000000127788.jpg,640,480,89.47665364583334
COCO_val2014_000000249815.jpg,640,480,100.63516276041666
COCO_val2014_000000135275.jpg,640,480,107.30241536458334
COCO_val2014_000000575198.jpg,640,425,142.43261764705883
COCO_val2014_000000095063.jpg,480,640,96.957666015625
COCO_val2014_000000293909.jpg,640,426,122.84595437206573
COCO_val2014_000000341921.jpg,640,478,112.66179720188285
COCO_val2014_000000547336.jpg,640,480,117.176875
COCO_val2014_000000165455.jpg,640,426,132.44357394366196
COCO_val2014_000000066460.jpg,640,427,103.62480240046838
COCO_val2014_000000065357.jpg,612,612,68.9592758127216
COCO_val2014_000000559902.jpg,640,426,152.05920627934273
COCO_val2014_000000151585.jpg,640,480,81.30029296875
